Country,Happiness Rank_2015,Happiness Score_2015,Economy (GDP per Capita)_2015,Health (Life Expectancy)_2015,Generosity_2015,Freedom_2015,Trust (Government Corruption)_2015,Happiness Rank_2016,Happiness Score_2016,Economy (GDP per Capita)_2016,Health (Life Expectancy)_2016,Generosity_2016,Freedom_2016,Trust (Government Corruption)_2016,Happiness Rank_2017,Happiness Score_2017,Economy (GDP per Capita)_2017,Health (Life Expectancy)_2017,Generosity_2017,Freedom_2017,Trust (Government Corruption)_2017,Happiness Rank_2018,Happiness Score_2018,Economy (GDP per Capita)_2018,Health (Life Expectancy)_2018,Generosity_2018,Freedom_2018,Trust (Government Corruption)_2018,Happiness Rank_2019,Happiness Score_2019,Economy (GDP per Capita)_2019,Health (Life Expectancy)_2019,Generosity_2019,Freedom_2019,Trust (Government Corruption)_2019,Economic Freedom Rank,Economic Freedom Score
Switzerland,1,7.587000000000001,1.3965100000000001,0.9414299999999999,0.29678000000000004,0.66557,0.41978000000000004,2,7.5089999999999995,1.5273299999999999,0.86303,0.28083,0.58557,0.41203,4,7.49399995803833,1.5649795532226598,0.858131289482117,0.29054927825927696,0.620070576667786,0.36700728535652205,5,7.487,1.42,0.927,0.256,0.66,0.35700000000000004,6,7.48,1.452,1.052,0.263,0.5720000000000001,0.34299999999999997,4,8.43
Iceland,2,7.561,1.3023200000000001,0.94784,0.4363,0.6287699999999999,0.14145,3,7.501,1.42666,0.8673299999999999,0.47678000000000004,0.56624,0.14975,3,7.50400018692017,1.480633020401,0.8335521221160892,0.47554022073745705,0.6271626353263849,0.15352655947208402,4,7.495,1.3430000000000002,0.914,0.353,0.677,0.138,4,7.494,1.38,1.026,0.354,0.591,0.11800000000000001,34,7.71
Denmark,3,7.527,1.32548,0.87464,0.34139,0.6493800000000001,0.48357,1,7.526,1.4417799999999998,0.79504,0.36171,0.5794100000000001,0.44453000000000004,2,7.52199983596802,1.48238301277161,0.7925655245780941,0.3552804887294771,0.626006722450256,0.40077006816863997,3,7.555,1.351,0.868,0.284,0.6829999999999999,0.408,2,7.6,1.383,0.996,0.252,0.5920000000000001,0.41,11,8.1
Norway,4,7.522,1.459,0.88521,0.34699,0.66973,0.36503,4,7.497999999999999,1.57744,0.79579,0.37895,0.59609,0.35775999999999997,1,7.537000179290769,1.6164631843566901,0.796666502952576,0.36201223731041,0.635422587394714,0.31596383452415505,2,7.593999999999999,1.456,0.861,0.28600000000000003,0.6859999999999999,0.34,3,7.553999999999999,1.4880000000000002,1.028,0.271,0.603,0.341,43,7.6
Canada,5,7.4270000000000005,1.32629,0.9056299999999999,0.45811,0.63297,0.32957,6,7.404,1.44015,0.8276,0.44833999999999996,0.5737,0.31329,7,7.31599998474121,1.47920441627502,0.83455765247345,0.435539722442627,0.611100912094116,0.287371516227722,7,7.327999999999999,1.33,0.8959999999999999,0.321,0.653,0.29100000000000004,9,7.278,1.365,1.0390000000000001,0.285,0.584,0.308,9,8.17
Finland,6,7.406000000000001,1.29025,0.8891100000000001,0.23351,0.64169,0.41372,5,7.412999999999999,1.40598,0.81091,0.25492,0.57104,0.41003999999999996,5,7.468999862670901,1.44357192516327,0.80915766954422,0.24548277258873,0.6179508566856379,0.38261154294014,1,7.632000000000001,1.305,0.8740000000000001,0.20199999999999999,0.6809999999999999,0.39299999999999996,1,7.769,1.34,0.986,0.153,0.596,0.39299999999999996,30,7.76
Netherlands,7,7.377999999999999,1.32944,0.89284,0.4761,0.6157600000000001,0.31814000000000003,7,7.3389999999999995,1.46468,0.8123100000000001,0.47416,0.55211,0.29927,6,7.3769998550415,1.50394463539124,0.8106961250305179,0.47048982977867104,0.5853844881057739,0.282661825418472,6,7.441,1.361,0.878,0.33299999999999996,0.638,0.295,5,7.4879999999999995,1.396,0.9990000000000001,0.322,0.557,0.298,24,7.82
Sweden,8,7.364,1.33171,0.9108700000000001,0.36262,0.6598,0.43843999999999994,10,7.291,1.45181,0.83121,0.38254,0.58218,0.40867,9,7.28399991989136,1.49438726902008,0.830875158309937,0.38539925217628496,0.612924098968506,0.384398728609085,9,7.314,1.355,0.9129999999999999,0.285,0.659,0.38299999999999995,7,7.343,1.3869999999999998,1.0090000000000001,0.267,0.574,0.373,47,7.58
New Zealand,9,7.2860000000000005,1.2501799999999998,0.9083700000000001,0.47501000000000004,0.6393800000000001,0.42922,8,7.334,1.36066,0.83096,0.49401000000000006,0.5814699999999999,0.41903999999999997,8,7.31400012969971,1.40570604801178,0.816759705543518,0.500005125999451,0.6140621304512021,0.38281670212745705,8,7.324,1.268,0.8759999999999999,0.365,0.669,0.389,8,7.307,1.3030000000000002,1.026,0.33,0.585,0.38,3,8.53
Australia,10,7.284,1.33358,0.93156,0.43562,0.6512399999999999,0.35636999999999996,9,7.313,1.4444299999999999,0.8512,0.47407,0.5683699999999999,0.32331,10,7.28399991989136,1.4844149351120002,0.84388679265976,0.47769924998283403,0.601607382297516,0.301183730363846,10,7.272,1.34,0.91,0.361,0.647,0.302,11,7.228,1.3719999999999999,1.036,0.332,0.557,0.29,5,8.23
Israel,11,7.278,1.2285700000000002,0.9138700000000001,0.33171999999999996,0.41318999999999995,0.07785,11,7.267,1.33766,0.8491700000000001,0.32288,0.36432,0.08728,11,7.212999820709231,1.3753824234008798,0.83840399980545,0.330082654953003,0.40598860383033797,0.0852421000599861,19,6.814,1.301,0.883,0.354,0.5329999999999999,0.272,13,7.138999999999999,1.276,1.0290000000000001,0.261,0.371,0.08199999999999999,40,7.62
Costa Rica,12,7.226,0.95578,0.8602700000000001,0.25497,0.63376,0.10583,14,7.087000000000001,1.06879,0.76146,0.22553,0.55225,0.10547000000000001,12,7.0789999961853,1.10970628261566,0.7595092654228209,0.21461322903633104,0.580131649971008,0.100106589496136,13,7.072,1.01,0.8170000000000001,0.14300000000000002,0.632,0.10099999999999999,12,7.167000000000001,1.034,0.963,0.14400000000000002,0.5579999999999999,0.09300000000000001,41,7.62
Austria,13,7.2,1.33723,0.8904200000000001,0.33088,0.62433,0.18675999999999998,12,7.119,1.45038,0.80565,0.32865,0.54355,0.21348000000000003,13,7.00600004196167,1.4870972633361799,0.8153284192085269,0.316472321748734,0.567766189575195,0.22106036543846105,12,7.138999999999999,1.341,0.8909999999999999,0.242,0.617,0.22399999999999998,10,7.246,1.376,1.016,0.244,0.532,0.226,26,7.8
Mexico,14,7.187,1.02054,0.8144399999999999,0.14074,0.48181,0.21311999999999998,21,6.778,1.1150799999999998,0.71143,0.11735,0.37709000000000004,0.18355,25,6.57800006866455,1.1531838178634601,0.709978997707367,0.12099043279886199,0.412730008363724,0.132774114608765,24,6.4879999999999995,1.038,0.7609999999999999,0.069,0.479,0.095,23,6.595,1.07,0.861,0.07400000000000001,0.433,0.073,66,7.21
United States,15,7.119,1.3945100000000001,0.86179,0.40105,0.54604,0.1589,13,7.104,1.50796,0.779,0.41076999999999997,0.48163,0.14868,14,6.993000030517581,1.54625928401947,0.7742866277694699,0.392578780651093,0.505740523338318,0.135638788342476,18,6.886,1.3980000000000001,0.8190000000000001,0.29100000000000004,0.547,0.133,19,6.892,1.433,0.8740000000000001,0.28,0.45399999999999996,0.128,6,8.22
Brazil,16,6.983,0.98124,0.69702,0.14574,0.49049,0.17521,17,6.952000000000001,1.08754,0.61415,0.15775999999999998,0.40425,0.14165999999999998,22,6.6350002288818395,1.1073532104492199,0.6165523529052729,0.16234989464282998,0.437453746795654,0.11109276115894301,28,6.419,0.986,0.675,0.11,0.493,0.08800000000000001,32,6.3,1.004,0.802,0.099,0.39,0.086,101,6.56
Luxembourg,17,6.946000000000001,1.5639100000000001,0.91894,0.28034000000000003,0.61583,0.37798000000000004,20,6.871,1.6975200000000001,0.8454200000000001,0.27571,0.5487,0.35329,18,6.86299991607666,1.74194359779358,0.845089495182037,0.283180981874466,0.59662789106369,0.31883442401886,17,6.91,1.5759999999999998,0.8959999999999999,0.196,0.632,0.321,14,7.09,1.609,1.012,0.19399999999999998,0.526,0.316,31,7.75
Ireland,18,6.94,1.33596,0.89533,0.45901000000000003,0.6177699999999999,0.28703,19,6.907,1.4834100000000001,0.81455,0.44963000000000003,0.54008,0.29754,15,6.9770002365112305,1.5357066392898602,0.8097826242446899,0.42785832285881,0.5731103420257571,0.29838815331459007,14,6.977,1.4480000000000002,0.8759999999999999,0.307,0.614,0.306,16,7.021,1.499,0.9990000000000001,0.298,0.516,0.31,10,8.13
Belgium,19,6.937,1.30782,0.8966700000000001,0.2225,0.5845,0.2254,18,6.928999999999999,1.42539,0.8195899999999999,0.2424,0.51354,0.26248,17,6.89099979400635,1.4637807607650801,0.8180918693542479,0.23150333762168898,0.5397707223892211,0.251343131065369,16,6.9270000000000005,1.324,0.894,0.188,0.583,0.24,18,6.922999999999999,1.3559999999999999,0.986,0.16,0.473,0.21,48,7.56
United Arab Emirates,20,6.901,1.42727,0.80925,0.26428,0.64157,0.38583,28,6.5729999999999995,1.57352,0.72993,0.26591,0.56215,0.35561,21,6.6479997634887695,1.6263433694839498,0.726798236370087,0.3609419465065,0.60834527015686,0.324489563703537,20,6.774,2.096,0.67,0.18600000000000003,0.284,0.08199999999999999,21,6.825,1.5030000000000001,0.825,0.262,0.598,0.182,71,7.05
United Kingdom,21,6.867000000000001,1.26637,0.90943,0.51912,0.59625,0.32066999999999996,23,6.725,1.40283,0.80991,0.50156,0.50036,0.27399,19,6.71400022506714,1.44163393974304,0.805335938930511,0.492774158716202,0.508190035820007,0.265428066253662,11,7.19,1.244,0.888,0.262,0.46399999999999997,0.08199999999999999,15,7.053999999999999,1.3330000000000002,0.996,0.348,0.45,0.278,13,8.08
Venezuela,23,6.81,1.04424,0.7205199999999999,0.058410000000000004,0.42908,0.11069000000000001,44,6.084,1.1336700000000002,0.6190399999999999,0.0425,0.19847,0.08304,82,5.25,1.12843120098114,0.617144227027893,0.0650196298956871,0.15399712324142498,0.0644911229610443,102,4.806,0.996,0.657,0.055999999999999994,0.133,0.052000000000000005,108,4.707,0.96,0.805,0.064,0.154,0.047,152,3.34
Singapore,24,6.797999999999999,1.52186,1.02525,0.31105,0.54252,0.4921,22,6.739,1.64555,0.94719,0.32706,0.4877,0.46986999999999995,26,6.57200002670288,1.69227766990662,0.9494923949241642,0.345965981483459,0.549840569496155,0.46430778503417997,34,6.343,1.5290000000000001,1.008,0.261,0.631,0.457,34,6.2620000000000005,1.5719999999999998,1.141,0.271,0.556,0.45299999999999996,2,8.65
Panama,25,6.7860000000000005,1.0635299999999999,0.79661,0.24434,0.5421,0.0927,25,6.7010000000000005,1.18306,0.70835,0.2418,0.48927,0.08423,30,6.4520001411438,1.23374843597412,0.706156134605408,0.21055693924427,0.550026834011078,0.070983923971653,27,6.43,1.112,0.759,0.125,0.597,0.063,31,6.321000000000001,1.149,0.91,0.109,0.516,0.054000000000000006,27,7.8
Germany,26,6.75,1.32792,0.89186,0.28214,0.6147699999999999,0.21843,16,6.994,1.44787,0.81487,0.30451999999999996,0.53466,0.28551,16,6.9510002136230495,1.48792338371277,0.798950731754303,0.33626917004585305,0.562511384487152,0.276731938123703,15,6.965,1.34,0.861,0.273,0.586,0.28,17,6.985,1.3730000000000002,0.987,0.261,0.495,0.265,21,7.85
Chile,27,6.67,1.10715,0.85857,0.33363000000000004,0.44132,0.12869,24,6.705,1.2167,0.8188300000000001,0.31595,0.37789,0.11450999999999999,20,6.65199995040894,1.25278460979462,0.8194797039031979,0.3266624212265011,0.376895278692245,0.0822879821062088,25,6.476,1.131,0.8079999999999999,0.19699999999999998,0.431,0.061,26,6.444,1.159,0.92,0.187,0.35700000000000004,0.055999999999999994,14,7.96
Qatar,28,6.611000000000001,1.69042,0.79733,0.32573,0.6404,0.52208,36,6.375,1.82427,0.71723,0.32388,0.56679,0.48049,35,6.375,1.8707656860351598,0.7100980877876278,0.33047387003898604,0.604130983352661,0.43929925560951205,32,6.374,1.649,0.748,0.256,0.654,0.171,29,6.374,1.6840000000000002,0.871,0.22,0.555,0.16699999999999998,81,6.88
France,29,6.575,1.27778,0.9457899999999999,0.12332,0.55011,0.20646,32,6.478,1.39488,0.83795,0.1216,0.46562,0.17808,31,6.44199991226196,1.43092346191406,0.8444658517837521,0.129762306809425,0.470222115516663,0.172502428293228,23,6.489,1.2930000000000001,0.9079999999999999,0.098,0.52,0.17600000000000002,24,6.5920000000000005,1.324,1.045,0.111,0.436,0.183,56,7.4
Argentina,30,6.574,1.05351,0.78723,0.11450999999999999,0.44974,0.08484,26,6.65,1.15137,0.69711,0.10989000000000002,0.42283999999999994,0.07296,24,6.59899997711182,1.18529546260834,0.695137083530426,0.109457060694695,0.49451920390129106,0.05973988771438599,29,6.388,1.073,0.7440000000000001,0.062,0.57,0.054000000000000006,47,6.086,1.092,0.8809999999999999,0.066,0.47100000000000003,0.05,136,5.78
Czech Republic,31,6.505,1.17898,0.84483,0.10686,0.46363999999999994,0.02652,27,6.596,1.30915,0.76376,0.09929,0.41418,0.03986,23,6.60900020599365,1.35268235206604,0.754444003105164,0.0881067588925362,0.49094617366790794,0.0368729270994663,21,6.711,1.2329999999999999,0.8540000000000001,0.064,0.5429999999999999,0.034,20,6.852,1.2690000000000001,0.92,0.046,0.457,0.036000000000000004,25,7.81
Uruguay,32,6.485,1.06166,0.8116,0.2324,0.6036199999999999,0.24558000000000002,29,6.545,1.18157,0.72183,0.18056,0.54388,0.21394000000000002,28,6.4539999961853,1.2175596952438401,0.719216823577881,0.175096929073334,0.5793922543525699,0.17806187272071802,31,6.379,1.093,0.7709999999999999,0.13,0.625,0.155,33,6.292999999999999,1.124,0.8909999999999999,0.127,0.523,0.15,64,7.25
Colombia,33,6.477,0.91861,0.69077,0.18400999999999998,0.53466,0.0512,31,6.481,1.0303200000000001,0.59659,0.15625999999999998,0.44735,0.053989999999999996,36,6.35699987411499,1.07062232494354,0.595027923583984,0.14901447296142598,0.47748741507530196,0.0466687418520451,37,6.26,0.96,0.635,0.099,0.531,0.039,43,6.125,0.985,0.841,0.099,0.47,0.034,88,6.71
Thailand,34,6.455,0.9669,0.7385,0.5763,0.5566399999999999,0.031869999999999996,33,6.474,1.0893,0.64915,0.58696,0.49553,0.02833,32,6.4239997863769505,1.12786877155304,0.647239029407501,0.572123110294342,0.580200731754303,0.0316127352416515,46,6.072,1.016,0.7070000000000001,0.364,0.637,0.028999999999999998,52,6.007999999999999,1.05,0.828,0.359,0.557,0.027999999999999997,84,6.75
Saudi Arabia,35,6.4110000000000005,1.39541,0.72025,0.13706,0.31048000000000003,0.32524000000000003,34,6.379,1.48953,0.59267,0.15457,0.37904,0.30008,37,6.343999862670901,1.53062355518341,0.590148329734802,0.147616013884544,0.449750572443008,0.27343225479126004,33,6.371,1.379,0.633,0.098,0.509,0.127,28,6.375,1.403,0.795,0.08,0.439,0.132,110,6.31
Spain,36,6.329,1.23011,0.95562,0.18227000000000002,0.45951000000000003,0.06398,37,6.361000000000001,1.34253,0.8789600000000001,0.17665,0.37545,0.06137000000000001,34,6.40299987792969,1.38439786434174,0.888960599899292,0.190133571624756,0.408781230449677,0.0709140971302986,36,6.31,1.251,0.965,0.142,0.449,0.07400000000000001,30,6.354,1.286,1.062,0.153,0.36200000000000004,0.079,33,7.73
Malta,37,6.3020000000000005,1.2074,0.88721,0.51752,0.60365,0.13585999999999998,30,6.4879999999999995,1.30782,0.80315,0.56237,0.54994,0.17554,27,6.52699995040894,1.34327983856201,0.821944236755371,0.5747305750846861,0.588767051696777,0.153066068887711,22,6.627000000000001,1.27,0.884,0.376,0.645,0.142,22,6.726,1.3,0.9990000000000001,0.375,0.564,0.151,17,7.94
Kuwait,39,6.295,1.5542200000000002,0.72492,0.16228,0.55499,0.25609,41,6.239,1.61714,0.63569,0.15965,0.43166000000000004,0.23669,39,6.10500001907349,1.63295245170593,0.6321057081222529,0.228289797902107,0.49633759260177596,0.21515955030918102,45,6.082999999999999,1.474,0.675,0.16699999999999998,0.5539999999999999,0.106,51,6.021,1.5,0.8079999999999999,0.142,0.493,0.09699999999999999,97,6.6
El Salvador,42,6.13,0.76454,0.67737,0.10692,0.4035,0.11775999999999999,46,6.068,0.8737,0.596,0.08877,0.37269,0.10613,45,6.002999782562259,0.9097844958305359,0.596018552780151,0.0782579854130745,0.432452529668808,0.0899809598922729,40,6.167000000000001,0.8059999999999999,0.639,0.065,0.461,0.08199999999999999,35,6.252999999999999,0.794,0.789,0.09300000000000001,0.43,0.07400000000000001,55,7.41
Guatemala,43,6.122999999999999,0.74553,0.64425,0.27489,0.57733,0.09472,39,6.324,0.83454,0.5403899999999999,0.28808,0.50379,0.08701,29,6.4539999961853,0.872001945972443,0.540239989757538,0.283488392829895,0.5313106179237371,0.0772232785820961,30,6.382000000000001,0.7809999999999999,0.608,0.179,0.604,0.071,27,6.436,0.8,0.746,0.175,0.535,0.078,35,7.7
Slovakia,45,5.995,1.1689100000000001,0.7890199999999999,0.16893,0.31751,0.03431,45,6.077999999999999,1.27973,0.70367,0.13837,0.23390999999999998,0.02947,40,6.09800004959106,1.32539355754852,0.712732911109924,0.136544480919838,0.295817464590073,0.0242108516395092,39,6.172999999999999,1.21,0.7759999999999999,0.11800000000000001,0.354,0.013999999999999999,38,6.1979999999999995,1.246,0.8809999999999999,0.121,0.33399999999999996,0.013999999999999999,38,7.63
Japan,46,5.987,1.27074,0.99111,0.10705,0.49615,0.1806,53,5.921,1.3800700000000001,0.91491,0.10224,0.46761,0.18985,51,5.92000007629395,1.41691517829895,0.9134758710861209,0.12057276815175999,0.505625545978546,0.163760736584663,54,5.915,1.294,0.988,0.079,0.5529999999999999,0.15,58,5.886,1.327,1.088,0.069,0.445,0.14,20,7.88
South Korea,47,5.984,1.24461,0.9653799999999999,0.18557,0.33208000000000004,0.07857,57,5.835,1.35948,0.88645,0.18824000000000002,0.25168,0.07716,55,5.837999820709231,1.40167844295502,0.900214076042175,0.206674367189407,0.257921665906906,0.0632826685905457,57,5.875,1.266,0.955,0.175,0.244,0.051,54,5.895,1.301,1.036,0.175,0.159,0.055999999999999994,36,7.69
Ecuador,48,5.975,0.8640200000000001,0.79075,0.11540999999999998,0.48573999999999995,0.1809,51,5.976,0.97306,0.68613,0.10074,0.4027,0.18037,44,6.00799989700317,1.00082039833069,0.685636222362518,0.15011246502399403,0.4551981985569,0.140134647488594,48,5.973,0.889,0.736,0.114,0.556,0.12,50,6.028,0.912,0.868,0.126,0.498,0.087,105,6.46
Bahrain,49,5.96,1.32376,0.74716,0.17362,0.45492,0.306,42,6.218,1.44024,0.65696,0.17147,0.47375,0.25772,41,6.08699989318848,1.4884122610092199,0.653133034706116,0.17266848683357197,0.536746919155121,0.257042169570923,43,6.105,1.338,0.698,0.243,0.594,0.12300000000000001,37,6.199,1.3619999999999999,0.871,0.255,0.536,0.11,68,7.16
Italy,50,5.9479999999999995,1.25114,0.9544600000000001,0.22823000000000002,0.26236,0.02901,50,5.977,1.35495,0.8510200000000001,0.16684000000000002,0.18827,0.02556,48,5.96400022506714,1.3950666189193701,0.8531443476676941,0.17278964817523998,0.256450712680817,0.0280280914157629,47,6.0,1.264,0.946,0.13699999999999998,0.281,0.027999999999999997,36,6.223,1.294,1.0390000000000001,0.158,0.231,0.03,50,7.51
Bolivia,51,5.89,0.68133,0.5392,0.20536,0.57414,0.08800000000000001,59,5.822,0.79422,0.4697,0.21698,0.50961,0.07746,58,5.82299995422363,0.833756566047668,0.47363024950027505,0.22556072473526,0.5587329268455511,0.0604777261614799,62,5.752000000000001,0.7509999999999999,0.508,0.141,0.606,0.054000000000000006,61,5.779,0.7759999999999999,0.706,0.13699999999999998,0.511,0.064,111,6.3
Moldova,52,5.888999999999999,0.59448,0.61826,0.20951,0.32818,0.01615,55,5.897,0.69177,0.5230899999999999,0.19997,0.25201999999999997,0.019030000000000002,56,5.837999820709231,0.7288706302642819,0.5894652009010309,0.20877912640571603,0.24072904884815197,0.0100912861526012,67,5.64,0.657,0.62,0.171,0.23199999999999998,0.0,71,5.529,0.685,0.7390000000000001,0.18100000000000002,0.245,0.0,76,6.99
Paraguay,53,5.877999999999999,0.75985,0.66098,0.3424,0.53899,0.08242000000000001,70,5.537999999999999,0.8937299999999999,0.58295,0.25296,0.46235,0.07396,70,5.493000030517581,0.932537317276001,0.579250693321228,0.224150657653809,0.473507791757584,0.091065913438797,64,5.681,0.835,0.615,0.162,0.541,0.07400000000000001,63,5.742999999999999,0.855,0.777,0.184,0.514,0.08,65,7.23
Kazakhstan,54,5.855,1.1225399999999999,0.64368,0.11827,0.51649,0.08454,54,5.919,1.22943,0.57386,0.15011,0.4052,0.11132,60,5.8189997673034695,1.2845562696456898,0.6060415506362921,0.20196442306041698,0.43745428323745705,0.11928288638591802,60,5.79,1.143,0.631,0.14800000000000002,0.45399999999999996,0.121,60,5.809,1.173,0.7290000000000001,0.146,0.41,0.096,70,7.12
Slovenia,55,5.848,1.18498,0.8733700000000001,0.25328,0.60855,0.03787,63,5.768,1.2994700000000001,0.79151,0.25738,0.53164,0.03635,62,5.75799989700317,1.3412059545516999,0.7908282279968258,0.242649093270302,0.572575807571411,0.0451289787888527,51,5.9479999999999995,1.219,0.856,0.16,0.633,0.051,44,6.117999999999999,1.258,0.953,0.14400000000000002,0.564,0.057,60,7.33
Lithuania,56,5.832999999999999,1.14723,0.73128,0.026410000000000003,0.21341999999999997,0.01031,60,5.813,1.2692,0.64674,0.02025,0.18929,0.0182,52,5.90199995040894,1.3145823478698702,0.62894994020462,0.010164656676352,0.234231784939766,0.0118656428530812,50,5.952000000000001,1.197,0.716,0.026000000000000002,0.35,0.006,42,6.149,1.238,0.818,0.043,0.29100000000000004,0.042,12,8.1
Nicaragua,57,5.827999999999999,0.59325,0.7431399999999999,0.27815,0.55475,0.19317,48,5.992000000000001,0.69384,0.65213,0.29773,0.46581999999999996,0.16292,43,6.07100009918213,0.737299203872681,0.6530959606170649,0.301674216985703,0.447551846504211,0.130687981843948,41,6.141,0.6679999999999999,0.7,0.20800000000000002,0.527,0.128,45,6.105,0.6940000000000001,0.835,0.2,0.435,0.127,73,7.05
Peru,58,5.824,0.9001899999999999,0.73017,0.14982,0.41496000000000005,0.05989,64,5.742999999999999,0.9960200000000001,0.6299399999999999,0.14527,0.37501999999999996,0.05292,63,5.71500015258789,1.0352252721786501,0.6301661133766171,0.126819714903831,0.45000287890434293,0.0470490865409374,65,5.662999999999999,0.934,0.674,0.092,0.53,0.034,65,5.697,0.96,0.8540000000000001,0.083,0.455,0.027000000000000003,29,7.76
Belarus,59,5.813,1.0319200000000002,0.7360800000000001,0.11045999999999999,0.37938,0.1909,61,5.8020000000000005,1.1306200000000002,0.6310399999999999,0.13942000000000002,0.29091,0.17457,67,5.5689997673034695,1.15655755996704,0.6377142667770389,0.15513750910759,0.295400261878967,0.156313821673393,73,5.483,1.0390000000000001,0.7,0.10099999999999999,0.307,0.154,81,5.3229999999999995,1.067,0.789,0.094,0.235,0.142,109,6.35
Poland,60,5.791,1.12555,0.77903,0.16759000000000002,0.53122,0.04212,57,5.835,1.24585,0.69058,0.14443,0.4519,0.055,46,5.97300004959106,1.29178786277771,0.699475347995758,0.158465966582298,0.520342111587524,0.0593078061938286,42,6.122999999999999,1.176,0.7809999999999999,0.10800000000000001,0.546,0.064,40,6.182,1.206,0.884,0.11699999999999999,0.483,0.05,74,7.04
Malaysia,61,5.77,1.12486,0.7239399999999999,0.33075,0.5302399999999999,0.10500999999999999,47,6.005,1.25142,0.62366,0.41473999999999994,0.39031,0.09081,42,6.08400011062622,1.29121541976929,0.618784427642822,0.416608929634094,0.40226498246192893,0.0656007081270218,35,6.322,1.161,0.669,0.311,0.35600000000000004,0.059000000000000004,80,5.3389999999999995,1.2209999999999999,0.828,0.26,0.508,0.024,45,7.58
Croatia,62,5.7589999999999995,1.08254,0.78805,0.054439999999999995,0.25883,0.0243,74,5.4879999999999995,1.18649,0.70524,0.18434,0.23906999999999998,0.04002,77,5.2930002212524405,1.22255623340607,0.701288521289825,0.248002976179123,0.255772292613983,0.0431031100451946,82,5.321000000000001,1.115,0.737,0.12,0.38,0.039,75,5.432,1.155,0.914,0.11900000000000001,0.29600000000000004,0.022000000000000002,59,7.36
Libya,63,5.754,1.13145,0.7038,0.18295,0.41668,0.11023,67,5.615,1.0668799999999998,0.52304,0.17087,0.40671999999999997,0.10339000000000001,68,5.525000095367429,1.1018030643463101,0.520169019699097,0.15207366645336198,0.465733230113983,0.0926102101802826,70,5.566,0.985,0.5529999999999999,0.11599999999999999,0.496,0.14800000000000002,72,5.525,1.044,0.6729999999999999,0.133,0.41600000000000004,0.152,150,4.72
Russia,64,5.716,1.13764,0.6692600000000001,0.00199,0.36679,0.03005,56,5.856,1.2322799999999998,0.58991,0.027360000000000002,0.32682,0.03586,49,5.962999820709231,1.28177809715271,0.547349333763123,0.0522638224065304,0.373783111572266,0.0329628810286522,59,5.81,1.151,0.599,0.065,0.39899999999999997,0.025,68,5.648,1.183,0.726,0.08199999999999999,0.33399999999999996,0.031,85,6.74
Jamaica,65,5.709,0.81038,0.6874100000000001,0.2123,0.50442,0.02299,73,5.51,0.89333,0.5946899999999999,0.22245,0.43596999999999997,0.04294,76,5.31099987030029,0.925579309463501,0.6410223841667181,0.23381833732128102,0.474307239055634,0.0552677810192108,56,5.89,0.8190000000000001,0.693,0.096,0.575,0.031,56,5.89,0.831,0.831,0.107,0.49,0.027999999999999997,37,7.69
Cyprus,67,5.689,1.20813,0.92356,0.30638000000000004,0.40671999999999997,0.06146,69,5.546,1.31857,0.8488,0.27906,0.29507,0.05227999999999999,65,5.62099981307983,1.3559380769729599,0.84471470117569,0.271254301071167,0.35511153936386103,0.0412379764020443,61,5.7620000000000005,1.229,0.909,0.20199999999999999,0.423,0.035,49,6.046,1.263,1.042,0.19,0.406,0.040999999999999995,22,7.84
Algeria,68,5.605,0.93929,0.61766,0.07822,0.28579,0.17382999999999998,38,6.355,1.05266,0.6180399999999999,0.07044,0.21006,0.16157,53,5.872000217437741,1.09186446666718,0.6175846457481379,0.0694366469979286,0.233335807919502,0.14609611034393302,84,5.295,0.9790000000000001,0.687,0.055,0.077,0.135,88,5.211,1.002,0.785,0.073,0.086,0.114,147,4.97
Mauritius,71,5.477,1.0076100000000001,0.7095,0.37744,0.56066,0.07521,66,5.648,1.14372,0.66189,0.36951,0.46145,0.05202999999999999,64,5.62900018692017,1.1893955469131499,0.6380074620246889,0.360933750867844,0.491247326135635,0.0421815551817417,55,5.891,1.09,0.684,0.245,0.584,0.05,57,5.888,1.12,0.7979999999999999,0.215,0.498,0.06,7,8.21
Estonia,73,5.428999999999999,1.15174,0.77361,0.0868,0.44888,0.15184,72,5.517,1.2796399999999999,0.68098,0.08423,0.41511000000000003,0.18519000000000002,66,5.61100006103516,1.3208793401718102,0.695168316364288,0.0988908112049103,0.479131430387497,0.18324892222881303,63,5.739,1.2,0.737,0.086,0.5529999999999999,0.174,55,5.893,1.237,0.8740000000000001,0.10300000000000001,0.495,0.161,15,7.96
Indonesia,74,5.399,0.8282700000000001,0.63793,0.51535,0.46611,0.0,79,5.314,0.95104,0.49373999999999996,0.56521,0.39237,0.00322,81,5.26200008392334,0.995538592338562,0.49234572052955605,0.611704587936401,0.443323463201523,0.0153171354904771,96,5.093,0.899,0.522,0.484,0.5379999999999999,0.018000000000000002,92,5.192,0.9309999999999999,0.66,0.498,0.491,0.027999999999999997,57,7.39
Vietnam,75,5.36,0.63216,0.7467600000000001,0.1686,0.59444,0.10440999999999999,96,5.061,0.74037,0.66157,0.25075,0.5595399999999999,0.11556,94,5.07399988174438,0.7885475754737851,0.6521689891815191,0.23496805131435397,0.571055591106415,0.0876332372426987,95,5.103,0.715,0.7020000000000001,0.177,0.618,0.079,94,5.175,0.741,0.851,0.147,0.5429999999999999,0.073,120,6.2
Turkey,76,5.332000000000001,1.06098,0.73172,0.12253,0.22815,0.15746,78,5.388999999999999,1.1649200000000002,0.64718,0.04707,0.23889000000000002,0.12347999999999999,69,5.5,1.1982743740081798,0.6376056075096129,0.0466930419206619,0.300740599632263,0.0996715798974037,74,5.483,1.148,0.6859999999999999,0.106,0.324,0.109,79,5.372999999999999,1.183,0.8079999999999999,0.083,0.195,0.106,95,6.62
Kyrgyzstan,77,5.2860000000000005,0.47428000000000003,0.65088,0.3003,0.43477,0.042319999999999997,85,5.185,0.5604399999999999,0.5544899999999999,0.38432,0.40212,0.047619999999999996,98,5.0040001869201705,0.5962200760841371,0.553457796573639,0.42858037352562,0.454943388700485,0.0394391790032387,92,5.131,0.53,0.594,0.281,0.54,0.035,86,5.261,0.551,0.723,0.3,0.508,0.023,75,6.99
Nigeria,78,5.268,0.65435,0.16007000000000002,0.27233,0.34334000000000003,0.0403,103,4.875,0.75216,0.05108,0.23219,0.27854,0.0305,95,5.07399988174438,0.783756256103516,0.0569157302379608,0.23094719648361198,0.394952565431595,0.0261215660721064,91,5.155,0.6890000000000001,0.048,0.201,0.462,0.032,85,5.265,0.696,0.245,0.215,0.426,0.040999999999999995,78,6.93
Bhutan,79,5.252999999999999,0.77042,0.57407,0.47998,0.5320600000000001,0.15445,84,5.196000000000001,0.8527,0.49759,0.48546000000000006,0.46074,0.1616,97,5.01100015640259,0.885416388511658,0.495879292488098,0.474054545164108,0.5015376806259161,0.17338038980960802,97,5.082,0.7959999999999999,0.527,0.364,0.541,0.171,95,5.082,0.813,0.604,0.37,0.457,0.16699999999999998,94,6.63
Azerbaijan,80,5.212000000000001,1.02389,0.64045,0.07799,0.3703,0.16065,81,5.291,1.12373,0.54504,0.0564,0.35327,0.17914000000000002,85,5.234000205993651,1.1536017656326298,0.5407757759094239,0.0452693402767181,0.39815583825111406,0.180987507104874,87,5.2010000000000005,1.024,0.603,0.031,0.43,0.17600000000000002,90,5.207999999999999,1.043,0.769,0.035,0.35100000000000003,0.182,107,6.37
Pakistan,81,5.194,0.59543,0.51466,0.33671,0.12102,0.10464000000000001,92,5.132000000000001,0.68816,0.40306,0.31185,0.14622000000000002,0.1388,80,5.26900005340576,0.7268835306167599,0.40204778313636796,0.31544601917266807,0.23521526157856,0.12434806674718901,75,5.472,0.652,0.424,0.21600000000000003,0.33399999999999996,0.113,67,5.653,0.677,0.535,0.22,0.313,0.098,123,6.07
Jordan,82,5.192,0.9019799999999999,0.69639,0.11052999999999999,0.40660999999999997,0.14293,80,5.303,0.9967299999999999,0.60712,0.14262,0.36023,0.13297,74,5.33599996566772,0.9910123944282528,0.6045900583267211,0.17217046022415197,0.418421149253845,0.11980327218771002,90,5.1610000000000005,0.8220000000000001,0.645,0.13,0.46799999999999997,0.134,101,4.906000000000001,0.8370000000000001,0.815,0.11,0.38299999999999995,0.13,39,7.62
Montenegro,82,5.192,0.9743799999999999,0.72521,0.1614,0.1826,0.14296,88,5.1610000000000005,1.07838,0.6353300000000001,0.17190999999999998,0.15111,0.12721,83,5.23699998855591,1.12112903594971,0.6674646735191351,0.197911024093628,0.194989055395126,0.0881741940975189,81,5.347,1.0170000000000001,0.7290000000000001,0.111,0.259,0.081,73,5.523,1.051,0.871,0.142,0.19699999999999998,0.08,77,6.94
China,84,5.14,0.89012,0.81658,0.08185,0.5169699999999999,0.02781,83,5.245,1.0278,0.73561,0.049589999999999995,0.44011999999999996,0.02745,79,5.2729997634887695,1.08116579055786,0.741415500640869,0.0288068410009146,0.47278770804405196,0.0227942746132612,86,5.246,0.9890000000000001,0.799,0.028999999999999998,0.597,0.10300000000000001,93,5.191,1.0290000000000001,0.893,0.057999999999999996,0.521,0.1,119,6.21
Zambia,85,5.129,0.47038,0.29924,0.19591,0.48827,0.12468,106,4.795,0.61202,0.23573000000000002,0.17865999999999999,0.42662,0.11479,116,4.513999938964839,0.6364067792892459,0.25783589482307395,0.249580144882202,0.461603492498398,0.0782135501503944,125,4.377,0.562,0.295,0.221,0.503,0.08199999999999999,138,4.107,0.578,0.426,0.247,0.431,0.087,67,7.19
Romania,86,5.124,1.04345,0.7689,0.13748,0.35068,0.006490000000000001,71,5.528,1.1697,0.67602,0.12889,0.36712,0.006790000000000001,57,5.824999809265139,1.21768391132355,0.6851583123207089,0.133519917726517,0.457003742456436,0.0043879006989300294,52,5.945,1.1159999999999999,0.726,0.08800000000000001,0.528,0.001,48,6.07,1.162,0.825,0.083,0.462,0.005,23,7.83
Serbia,87,5.122999999999999,0.92053,0.74836,0.19230999999999998,0.20107,0.02617,86,5.1770000000000005,1.03437,0.6458,0.20736999999999997,0.15718,0.04339,73,5.39499998092651,1.06931757926941,0.65078467130661,0.22012588381767298,0.20871552824974102,0.0409037806093693,78,5.398,0.975,0.685,0.134,0.28800000000000003,0.043,70,5.603,1.004,0.8540000000000001,0.13699999999999998,0.282,0.039,72,7.05
Portugal,88,5.102,1.15991,0.8751899999999999,0.13719,0.51469,0.01078,94,5.122999999999999,1.27607,0.7936300000000001,0.11690999999999999,0.44727,0.01521,89,5.19500017166138,1.3151752948761002,0.795843541622162,0.0951027125120163,0.498465299606323,0.0158694516867399,77,5.41,1.188,0.884,0.055,0.562,0.017,66,5.693,1.2209999999999999,0.9990000000000001,0.047,0.508,0.025,42,7.6
Latvia,89,5.098,1.11312,0.72437,0.18225999999999998,0.29671,0.06332,68,5.56,1.2178799999999999,0.63952,0.17445,0.27996,0.0889,54,5.849999904632571,1.26074862480164,0.638566970825195,0.153074786067009,0.32570791244506797,0.0738427266478539,53,5.933,1.148,0.6709999999999999,0.092,0.363,0.066,53,5.94,1.187,0.812,0.075,0.264,0.064,19,7.89
Philippines,90,5.073,0.70532,0.58114,0.24991,0.62545,0.12279000000000001,82,5.279,0.81217,0.47036000000000006,0.21674000000000002,0.5485399999999999,0.11757000000000001,72,5.42999982833862,0.85769921541214,0.46800905466079706,0.193513423204422,0.585214674472809,0.0993318930268288,71,5.524,0.775,0.513,0.12,0.643,0.105,69,5.631,0.807,0.657,0.11699999999999999,0.5579999999999999,0.107,53,7.43
Morocco,92,5.013,0.7347899999999999,0.60954,0.07172,0.41691000000000006,0.08546000000000001,90,5.151,0.8405799999999999,0.5947100000000001,0.040530000000000004,0.25645999999999997,0.08404,84,5.2350001335144,0.8781145811080929,0.59771066904068,0.0322099551558495,0.408158332109451,0.0877631828188896,85,5.254,0.779,0.669,0.026000000000000002,0.46,0.07400000000000001,89,5.207999999999999,0.8009999999999999,0.782,0.036000000000000004,0.418,0.076,90,6.7
Albania,95,4.959,0.8786700000000001,0.81325,0.14272,0.35733000000000004,0.06412999999999999,109,4.655,0.9553,0.73007,0.1684,0.31866,0.05301,109,4.64400005340576,0.996192753314972,0.731159746646881,0.20131294429302202,0.381498634815216,0.0398642159998417,112,4.586,0.9159999999999999,0.79,0.149,0.419,0.032,107,4.718999999999999,0.9470000000000001,0.8740000000000001,0.17800000000000002,0.38299999999999995,0.027000000000000003,28,7.8
Dominican Republic,98,4.885,0.8953700000000001,0.66825,0.21684,0.57672,0.14234000000000002,89,5.155,1.02787,0.5766899999999999,0.21286,0.52259,0.12372000000000001,86,5.230000019073491,1.07937383651733,0.574873745441437,0.186967849731445,0.55258983373642,0.113945253193378,83,5.3020000000000005,0.982,0.614,0.12,0.578,0.106,77,5.425,1.015,0.779,0.113,0.49700000000000005,0.10099999999999999,46,7.58
Mongolia,100,4.874,0.82819,0.60268,0.3323,0.43626000000000004,0.026660000000000003,101,4.907,0.9885299999999999,0.55469,0.34539000000000003,0.35972,0.03285,100,4.95499992370605,1.0272358655929599,0.557783484458923,0.338464230298996,0.39414396882057207,0.0329022891819477,94,5.125,0.914,0.575,0.253,0.395,0.032,83,5.285,0.948,0.667,0.235,0.317,0.038,54,7.43
Greece,102,4.857,1.15406,0.88213,0.0,0.07699,0.013969999999999998,99,5.033,1.24886,0.80029,0.0,0.05822000000000001,0.04127,87,5.2270002365112305,1.28948748111725,0.8101989030838009,0.0,0.0957312509417534,0.043289776891470004,79,5.358,1.1540000000000001,0.879,0.0,0.131,0.044000000000000004,82,5.287000000000001,1.181,0.9990000000000001,0.0,0.067,0.034,89,6.71
Lebanon,103,4.8389999999999995,1.0256399999999999,0.83947,0.21854,0.33916,0.04582,93,5.129,1.12268,0.76171,0.23693000000000003,0.26228,0.030610000000000002,88,5.22499990463257,1.07498753070831,0.7350810766220089,0.26445075869560203,0.28851598501205394,0.037513829767704,80,5.358,0.965,0.785,0.214,0.503,0.136,91,5.197,0.987,0.815,0.166,0.21600000000000003,0.027000000000000003,80,6.88
Hungary,104,4.8,1.12094,0.75905,0.128,0.32111999999999996,0.02758,91,5.145,1.24142,0.67608,0.099,0.1977,0.044719999999999996,75,5.32399988174438,1.2860119342803997,0.6877634525299069,0.0784016624093056,0.17586351931095098,0.0366369374096394,69,5.62,1.171,0.732,0.061,0.259,0.022000000000000002,62,5.757999999999999,1.2009999999999998,0.828,0.081,0.19899999999999998,0.02,52,7.44
Honduras,105,4.788,0.59532,0.6951,0.23026999999999997,0.40148,0.06825,104,4.871,0.69429,0.5838300000000001,0.2044,0.26755,0.06906,91,5.1810002326965305,0.730573117733002,0.582569479942322,0.23618887364864302,0.348079860210419,0.0733454525470734,72,5.504,0.62,0.622,0.19699999999999998,0.45899999999999996,0.07400000000000001,59,5.86,0.642,0.828,0.24600000000000002,0.507,0.078,62,7.28
Tajikistan,106,4.7860000000000005,0.39047,0.5737899999999999,0.22974,0.47216,0.15072,100,4.996,0.48835,0.5311899999999999,0.25998000000000004,0.43408,0.13509000000000002,96,5.04099988937378,0.524713635444641,0.5292351245880129,0.24899764358997303,0.47156670689582797,0.14637714624404902,88,5.199,0.474,0.598,0.187,0.292,0.034,74,5.4670000000000005,0.493,0.718,0.23,0.389,0.14400000000000002,126,6.05
Tunisia,107,4.739,0.88113,0.73793,0.06431,0.26268,0.06358,98,5.045,0.97724,0.59577,0.03936,0.23553000000000002,0.0817,102,4.80499982833862,1.00726580619812,0.613212049007416,0.0496933571994305,0.289680689573288,0.0867231488227844,111,4.592,0.9,0.69,0.04,0.271,0.063,124,4.461,0.9209999999999999,0.815,0.059000000000000004,0.16699999999999998,0.055,124,6.07
Iran,110,4.686,1.0088,0.69805,0.38086,0.30033000000000004,0.058629999999999995,105,4.813,1.11758,0.64232,0.38538,0.22544,0.0557,108,4.69199991226196,1.15687310695648,0.639333188533783,0.387242913246155,0.24932260811328896,0.048761073499918005,106,4.707,1.0590000000000002,0.691,0.282,0.45899999999999996,0.129,117,4.548,1.1,0.785,0.27,0.305,0.125,148,4.8
Ukraine,111,4.681,0.79907,0.6739,0.15275,0.25123,0.02961,123,4.324,0.87287,0.58628,0.20363,0.12859,0.01829,132,4.09600019454956,0.89465194940567,0.575903952121735,0.270061463117599,0.12297477573156401,0.0230294708162546,138,4.103,0.7929999999999999,0.609,0.187,0.163,0.011000000000000001,133,4.332,0.82,0.7390000000000001,0.187,0.17800000000000002,0.01,125,6.06
Iraq,112,4.677,0.98549,0.60237,0.17922000000000002,0.0,0.13788,112,4.575,1.07474,0.51076,0.19589,0.24856,0.13635999999999998,117,4.49700021743774,1.1027104854583702,0.501180469989777,0.19963726401329,0.288555532693863,0.10721575468778599,117,4.456,1.01,0.536,0.14800000000000002,0.304,0.095,126,4.437,1.043,0.574,0.14800000000000002,0.24100000000000002,0.08900000000000001,139,5.61
South Africa,113,4.6419999999999995,0.9204899999999999,0.27688,0.11972999999999999,0.33207,0.08884,116,4.459,1.02416,0.18611,0.13656,0.42483000000000004,0.08415,101,4.8289999961853,1.05469870567322,0.18708007037639604,0.13936237990856198,0.479246735572815,0.0725094974040985,105,4.724,0.94,0.33,0.10300000000000001,0.516,0.055999999999999994,106,4.7219999999999995,0.96,0.469,0.13,0.389,0.055,87,6.73
Ghana,114,4.633,0.5455800000000001,0.40131999999999995,0.23087,0.42341999999999996,0.04355,124,4.276,0.63107,0.29681,0.21203000000000002,0.40973000000000004,0.0326,131,4.11999988555908,0.667224824428558,0.29563772678375205,0.25692394375801103,0.423026293516159,0.0253363698720932,108,4.657,0.5920000000000001,0.337,0.212,0.499,0.028999999999999998,98,4.996,0.611,0.486,0.245,0.381,0.04,92,6.65
Zimbabwe,115,4.61,0.271,0.33475,0.18987,0.25861,0.08079,131,4.1930000000000005,0.35041,0.1595,0.18503,0.25429,0.08582000000000001,138,3.875,0.37584653496742204,0.19676375389099102,0.189143493771553,0.336384207010269,0.0953753814101219,144,3.6919999999999997,0.35700000000000004,0.248,0.132,0.406,0.099,146,3.6630000000000003,0.366,0.433,0.151,0.361,0.08900000000000001,146,5.12
Liberia,116,4.571000000000001,0.0712,0.34201,0.24361999999999998,0.28531,0.06232000000000001,150,3.622,0.10705999999999999,0.23165,0.24063,0.25748000000000004,0.04852,148,3.5329999923706095,0.11904179304838199,0.229918196797371,0.26654988527298,0.33288118243217496,0.0389482490718365,149,3.495,0.076,0.267,0.20600000000000002,0.419,0.03,141,3.975,0.073,0.44299999999999995,0.233,0.37,0.033,113,6.28
India,117,4.565,0.64499,0.5152899999999999,0.26475,0.39786,0.08492000000000001,118,4.404,0.74036,0.45091000000000003,0.25028,0.40285,0.08722,122,4.31500005722046,0.7922212481498722,0.455427616834641,0.23153848946094502,0.469987004995346,0.0922268852591515,133,4.19,0.721,0.485,0.172,0.539,0.09300000000000001,140,4.015,0.755,0.588,0.2,0.498,0.085,100,6.56
Haiti,119,4.518,0.26673,0.38847,0.46187,0.24425,0.17175,136,4.0280000000000005,0.34097,0.27494,0.47958,0.12072000000000001,0.14476,145,3.6029999256133998,0.368610262870789,0.277321130037308,0.48920378088951094,0.0303698573261499,0.0998721495270729,148,3.582,0.315,0.289,0.392,0.025,0.10400000000000001,147,3.597,0.32299999999999995,0.449,0.419,0.026000000000000002,0.11,99,6.58
Nepal,121,4.513999999999999,0.35996999999999996,0.5687399999999999,0.32295999999999997,0.38282,0.059070000000000004,107,4.793,0.44626000000000005,0.50073,0.3816,0.37012,0.07007999999999999,99,4.961999893188481,0.479820191860199,0.504130780696869,0.39409616589546204,0.44030594825744607,0.0729755461215973,101,4.88,0.425,0.539,0.302,0.526,0.078,100,4.913,0.446,0.677,0.285,0.439,0.08900000000000001,104,6.48
Ethiopia,122,4.512,0.19072999999999998,0.44055,0.24325,0.4345,0.15048,115,4.508,0.29283000000000003,0.34578000000000003,0.29522,0.36703,0.1717,119,4.46000003814697,0.339233845472336,0.35340970754623396,0.31265074014663696,0.408842742443085,0.16545571386814098,127,4.35,0.308,0.391,0.22,0.452,0.146,134,4.2860000000000005,0.336,0.532,0.209,0.344,0.1,138,5.61
Sierra Leone,123,4.507,0.33024000000000003,0.0,0.21488000000000002,0.4084,0.08786000000000001,111,4.635,0.36485,0.0,0.23897,0.30685,0.08196,106,4.70900011062622,0.36842092871666,0.005564753897488121,0.293040901422501,0.318697690963745,0.0710951760411263,113,4.571000000000001,0.256,0.0,0.23800000000000002,0.355,0.053,129,4.374,0.268,0.242,0.252,0.309,0.045,130,5.87
Mauritania,124,4.436,0.45407,0.35874,0.21899999999999997,0.24231999999999998,0.17461,130,4.2010000000000005,0.6139100000000001,0.28639000000000003,0.22685999999999998,0.1268,0.17955,123,4.29199981689453,0.6484572887420649,0.285349279642105,0.201870024204254,0.0960980430245399,0.136957004666328,126,4.356,0.557,0.292,0.134,0.129,0.09300000000000001,122,4.49,0.57,0.489,0.106,0.066,0.08800000000000001,117,6.22
Kenya,125,4.419,0.36471,0.41435,0.37542,0.42215,0.05839,122,4.356,0.52267,0.30146999999999996,0.41328000000000004,0.40576,0.06686,112,4.55299997329712,0.560479462146759,0.30998834967613204,0.444860309362411,0.45276376605033897,0.0646413192152977,124,4.41,0.493,0.45399999999999996,0.35200000000000004,0.504,0.055,121,4.5089999999999995,0.512,0.581,0.37200000000000005,0.431,0.053,82,6.84
Armenia,127,4.35,0.7682100000000001,0.7299,0.07855,0.19847,0.039,121,4.36,0.8608600000000001,0.64083,0.07793,0.14037,0.036160000000000005,121,4.37599992752075,0.900596737861633,0.637524425983429,0.0834880918264389,0.198303267359734,0.0266744215041399,129,4.321000000000001,0.816,0.6659999999999999,0.077,0.26,0.027999999999999997,116,4.559,0.85,0.815,0.095,0.28300000000000003,0.064,18,7.92
Botswana,128,4.332,0.99355,0.047760000000000004,0.10461,0.49495,0.12474,137,3.9739999999999998,1.09426,0.34752,0.12425,0.44088999999999995,0.10769000000000001,142,3.7660000324249303,1.12209415435791,0.34175550937652605,0.0993484482169151,0.505196332931519,0.0985831990838051,146,3.59,1.0170000000000001,0.41700000000000004,0.042,0.557,0.092,148,3.488,1.041,0.5379999999999999,0.025,0.455,0.1,44,7.6
Myanmar,129,4.3069999999999995,0.27108000000000004,0.48246000000000006,0.79588,0.44017,0.19034,119,4.395,0.34112,0.3988,0.81971,0.42691999999999997,0.20243,114,4.54500007629395,0.36711055040359497,0.397522568702698,0.8380751609802249,0.514492034912109,0.188816204667091,130,4.308,0.682,0.429,0.598,0.58,0.17800000000000002,131,4.36,0.71,0.555,0.5660000000000001,0.525,0.172,134,5.81
Georgia,130,4.297,0.7419,0.72926,0.055470000000000005,0.40576999999999996,0.38331,126,4.252,0.8379200000000001,0.64035,0.06786,0.32461,0.3188,125,4.28599977493286,0.950612664222717,0.649546980857849,0.0540088154375553,0.309410035610199,0.25166663527488703,128,4.34,0.853,0.643,0.038,0.375,0.215,119,4.519,0.8859999999999999,0.752,0.043,0.34600000000000003,0.16399999999999998,8,8.18
Malawi,131,4.292,0.016040000000000002,0.22562,0.33128,0.43054,0.06977,132,4.156000000000001,0.08709,0.29364,0.30968,0.4143,0.07564,136,3.97000002861023,0.233442038297653,0.315089583396912,0.28717046976089505,0.466914653778076,0.0727116540074348,147,3.5869999999999997,0.18600000000000003,0.306,0.21,0.531,0.08,150,3.41,0.191,0.495,0.218,0.44299999999999995,0.08900000000000001,135,5.79
Sri Lanka,132,4.271,0.83524,0.70806,0.40828000000000003,0.5372600000000001,0.09179,117,4.415,0.9731799999999999,0.62007,0.46978000000000003,0.50817,0.07964,120,4.44000005722046,1.00985014438629,0.625130832195282,0.49086356163024897,0.561213254928589,0.0736539661884308,116,4.471,0.9179999999999999,0.672,0.307,0.585,0.05,130,4.3660000000000005,0.9490000000000001,0.831,0.244,0.47,0.047,79,6.88
Cameroon,133,4.252,0.4225,0.23401999999999998,0.20618000000000003,0.49309,0.05786,114,4.513,0.5249699999999999,0.12697999999999998,0.2268,0.42736,0.06126,107,4.69500017166138,0.564305365085602,0.132892116904259,0.23629845678806302,0.430388748645782,0.0513066314160824,99,4.975,0.535,0.182,0.183,0.45399999999999996,0.043,96,5.044,0.5489999999999999,0.331,0.187,0.381,0.037000000000000005,132,5.85
Bulgaria,134,4.218,1.01216,0.76649,0.11921,0.30587,0.00872,129,4.217,1.11306,0.67806,0.12793,0.21219000000000002,0.00615,105,4.71400022506714,1.1614590883255,0.708217680454254,0.113177694380283,0.28923171758651695,0.0110515309497714,100,4.933,1.054,0.7120000000000001,0.064,0.359,0.009000000000000001,97,5.011,1.092,0.815,0.081,0.311,0.004,32,7.74
Egypt,135,4.194,0.8818,0.61712,0.11291,0.17288,0.06324,120,4.362,0.95395,0.5211600000000001,0.12705999999999998,0.18847,0.10393,104,4.7350001335144,0.989701807498932,0.520187258720398,0.128631442785263,0.28211015462875394,0.114381365478039,122,4.419,0.885,0.5529999999999999,0.092,0.312,0.107,137,4.166,0.9129999999999999,0.644,0.076,0.24100000000000002,0.067,144,5.38
Yemen,136,4.077,0.5464899999999999,0.40064,0.09131,0.35570999999999997,0.07854,147,3.7239999999999998,0.57939,0.31048000000000003,0.09821,0.2287,0.05892000000000001,146,3.59299993515015,0.5916834473609921,0.310080915689468,0.104125209152699,0.24946372210979503,0.0567674227058887,152,3.355,0.442,0.34299999999999997,0.083,0.244,0.064,151,3.38,0.287,0.46299999999999997,0.10800000000000001,0.14300000000000002,0.077,141,5.51
Mali,138,3.995,0.26074,0.20583,0.18798,0.38856999999999997,0.12352,135,4.073,0.31292,0.16347,0.21064000000000002,0.27544,0.13647,127,4.19000005722046,0.476180493831635,0.16936567425727803,0.183354198932648,0.306613743305206,0.10497024655342098,118,4.447,0.37,0.152,0.139,0.36700000000000005,0.055999999999999994,128,4.39,0.385,0.308,0.153,0.327,0.052000000000000005,129,5.93
Uganda,141,3.931,0.21101999999999999,0.33860999999999997,0.29066,0.45726999999999995,0.07267,145,3.739,0.34719,0.19625,0.27102,0.43653000000000003,0.06442,133,4.08099985122681,0.381430715322495,0.21763260662555703,0.32576605677604703,0.443185955286026,0.057069718837738,135,4.1610000000000005,0.322,0.237,0.259,0.45,0.061,136,4.189,0.332,0.44299999999999995,0.252,0.35600000000000004,0.06,49,7.55
Senegal,142,3.904,0.36498,0.4354,0.20843000000000003,0.36772,0.10712999999999999,128,4.218999999999999,0.44314,0.40457,0.19103,0.31056,0.11681,115,4.53499984741211,0.479309022426605,0.409362852573395,0.183468893170357,0.37792226672172496,0.11546044796705199,109,4.631,0.429,0.433,0.138,0.406,0.08199999999999999,111,4.681,0.45,0.5710000000000001,0.153,0.292,0.07200000000000001,114,6.27
Gabon,143,3.8960000000000004,1.06024,0.43372,0.06822,0.31914000000000003,0.11091,134,4.121,1.15851,0.3494,0.062439999999999996,0.28098,0.09314,118,4.46500015258789,1.1982102394104,0.35657858848571794,0.0437853783369064,0.31232857704162603,0.0760467872023582,103,4.758,1.036,0.40399999999999997,0.032,0.35600000000000004,0.052000000000000005,104,4.7989999999999995,1.057,0.5710000000000001,0.043,0.295,0.055,131,5.86
Cambodia,145,3.819,0.46038,0.61114,0.40359,0.66246,0.07247,140,3.907,0.55604,0.42494,0.40339,0.5885199999999999,0.08092,129,4.1680002212524405,0.6017650961875921,0.429783403873444,0.385922968387604,0.633375823497772,0.0681059509515762,120,4.433,0.5489999999999999,0.457,0.256,0.696,0.065,109,4.7,0.574,0.637,0.23199999999999998,0.609,0.062,61,7.28
Tanzania,146,3.781,0.2852,0.38215,0.34376999999999996,0.32878,0.05747000000000001,149,3.6660000000000004,0.47155,0.35700000000000004,0.31472,0.3176,0.05099,153,3.34899997711182,0.511135876178741,0.364509284496307,0.354256361722946,0.390017777681351,0.0660351067781448,153,3.303,0.455,0.381,0.27,0.48100000000000004,0.09699999999999999,153,3.2310000000000003,0.47600000000000003,0.499,0.276,0.41700000000000004,0.147,86,6.73
Madagascar,147,3.681,0.20824,0.46721,0.21333000000000002,0.19184,0.08123999999999999,148,3.695,0.27954,0.37109000000000003,0.2204,0.13684000000000002,0.07506,144,3.64400005340576,0.305808693170547,0.375223308801651,0.208732530474663,0.18919676542282102,0.0672319754958153,143,3.7739999999999996,0.262,0.402,0.155,0.221,0.049,143,3.9330000000000003,0.27399999999999997,0.555,0.16899999999999998,0.14800000000000002,0.040999999999999995,121,6.2
Chad,149,3.667,0.34193,0.1501,0.18386,0.23501,0.05269,144,3.763,0.42213999999999996,0.038239999999999996,0.18667,0.12807000000000002,0.04952,137,3.9360001087188703,0.43801298737525896,0.0411347150802612,0.21611385047435802,0.16234202682972002,0.0535818822681904,131,4.301,0.358,0.053,0.18100000000000002,0.18899999999999997,0.06,132,4.35,0.35,0.192,0.198,0.174,0.078,137,5.71
Guinea,150,3.656,0.17417,0.24009,0.28657,0.37725,0.12139000000000001,151,3.6069999999999998,0.22415,0.18829,0.29914,0.30953,0.1192,149,3.50699996948242,0.24454993009567302,0.194129139184952,0.264815092086792,0.348587512969971,0.110937617719173,140,3.964,0.344,0.21100000000000002,0.185,0.39399999999999996,0.094,118,4.534,0.38,0.375,0.207,0.332,0.086,140,5.57
Burkina Faso,152,3.5869999999999997,0.25811999999999996,0.27125,0.21746999999999997,0.39493,0.12832000000000002,145,3.739,0.31995,0.21297,0.24353000000000002,0.3337,0.12533,134,4.03200006484985,0.35022771358490007,0.21584425866603896,0.250864684581757,0.32436785101890603,0.12032810598611803,121,4.4239999999999995,0.314,0.254,0.175,0.312,0.128,115,4.587,0.331,0.38,0.177,0.255,0.113,133,5.85
Rwanda,154,3.465,0.22208000000000003,0.42863999999999997,0.22628,0.59201,0.55191,152,3.515,0.32846,0.31865,0.23551999999999998,0.5432,0.50521,151,3.47099995613098,0.368745893239975,0.326424807310104,0.25275602936744695,0.5818438529968261,0.455220013856888,151,3.408,0.332,0.4,0.2,0.636,0.444,152,3.3339999999999996,0.359,0.614,0.217,0.555,0.41100000000000003,58,7.39
Benin,155,3.34,0.28665,0.3191,0.1826,0.4845,0.0801,153,3.484,0.39499,0.21028000000000002,0.2018,0.39747,0.06681000000000001,143,3.65700006484985,0.43108540773391707,0.20993021130561804,0.207948461174965,0.42596277594566295,0.0609290152788162,136,4.141,0.37799999999999995,0.24,0.163,0.44,0.067,102,4.883,0.39299999999999996,0.397,0.175,0.349,0.08199999999999999,122,6.2
Syria,156,3.0060000000000002,0.6632,0.7219300000000001,0.47179,0.15684,0.18905999999999998,156,3.069,0.7471899999999999,0.6299399999999999,0.48396999999999996,0.06912,0.17232999999999998,152,3.46199989318848,0.777153134346008,0.5005333423614501,0.49366372823715204,0.0815394446253777,0.15134713053703303,150,3.4619999999999997,0.6890000000000001,0.539,0.376,0.08800000000000001,0.14400000000000002,149,3.4619999999999997,0.619,0.44,0.331,0.013000000000000001,0.141,143,5.45
Burundi,157,2.905,0.0153,0.22396,0.19727,0.1185,0.10062,157,2.905,0.06831,0.15747,0.2029,0.0432,0.09419,154,2.90499997138977,0.09162256866693501,0.151610791683197,0.20443518459796897,0.0599007532000542,0.0841479450464249,156,2.905,0.091,0.145,0.149,0.065,0.076,145,3.775,0.046,0.38,0.17600000000000002,0.22,0.18,128,5.94
Togo,158,2.839,0.20868,0.28443,0.16680999999999999,0.36453,0.10730999999999999,155,3.303,0.28123000000000004,0.24811,0.17517,0.34678000000000003,0.11587,150,3.4949998855590803,0.30544471740722695,0.247105568647385,0.19689615070819896,0.38042613863945,0.0956650152802467,139,3.9989999999999997,0.259,0.253,0.158,0.434,0.10099999999999999,139,4.085,0.275,0.41,0.177,0.293,0.085,116,6.25
