Country,Happiness Rank_2015,Happiness Score_2015,Economy (GDP per Capita)_2015,Health (Life Expectancy)_2015,Generosity_2015,Freedom_2015,Trust (Government Corruption)_2015,Happiness Rank_2016,Happiness Score_2016,Economy (GDP per Capita)_2016,Health (Life Expectancy)_2016,Generosity_2016,Freedom_2016,Trust (Government Corruption)_2016,Happiness Rank_2017,Happiness Score_2017,Economy (GDP per Capita)_2017,Health (Life Expectancy)_2017,Generosity_2017,Freedom_2017,Trust (Government Corruption)_2017,Happiness Rank_2018,Happiness Score_2018,Economy (GDP per Capita)_2018,Health (Life Expectancy)_2018,Generosity_2018,Freedom_2018,Trust (Government Corruption)_2018,Happiness Rank_2019,Happiness Score_2019,Economy (GDP per Capita)_2019,Health (Life Expectancy)_2019,Generosity_2019,Freedom_2019,Trust (Government Corruption)_2019,Economic Freedom Rank,Economic Freedom Score,QuantileRank,Happiness Score_avg,Economy_avg,Health_avg,Generosity_avg,Freedom_avg,Trust_avg
Venezuela,23,6.81,1.04424,0.7205199999999999,0.058410000000000004,0.42908,0.11069000000000001,44,6.084,1.1336700000000002,0.6190399999999999,0.0425,0.19847,0.08304,82,5.25,1.12843120098114,0.617144227027893,0.0650196298956871,0.15399712324142498,0.0644911229610443,102,4.806,0.996,0.657,0.055999999999999994,0.133,0.052000000000000005,108,4.707,0.96,0.805,0.064,0.154,0.047,152,3.34,,5.5314,1.052468240196228,0.6837408454055786,0.05718592597913742,22.34407816046306,0.07144422459220887
Libya,63,5.754,1.13145,0.7038,0.18295,0.41668,0.11023,67,5.615,1.0668799999999998,0.52304,0.17087,0.40671999999999997,0.10339000000000001,68,5.525000095367429,1.1018030643463101,0.520169019699097,0.15207366645336198,0.465733230113983,0.0926102101802826,70,5.566,0.985,0.5529999999999999,0.11599999999999999,0.496,0.14800000000000002,72,5.525,1.044,0.6729999999999999,0.133,0.41600000000000004,0.152,150,4.72,,5.597000019073485,1.065826612869262,0.5946018039398193,0.1509787332906724,22.41730474715914,0.12124604203605653
Iran,110,4.686,1.0088,0.69805,0.38086,0.30033000000000004,0.058629999999999995,105,4.813,1.11758,0.64232,0.38538,0.22544,0.0557,108,4.69199991226196,1.15687310695648,0.639333188533783,0.387242913246155,0.24932260811328896,0.048761073499918005,106,4.707,1.0590000000000002,0.691,0.282,0.45899999999999996,0.129,117,4.548,1.1,0.785,0.27,0.305,0.125,148,4.8,,4.689199982452392,1.0884506213912961,0.6911406377067566,0.34109658264923104,22.048441801159044,0.0834182146999836
Algeria,68,5.605,0.93929,0.61766,0.07822,0.28579,0.17382999999999998,38,6.355,1.05266,0.6180399999999999,0.07044,0.21006,0.16157,53,5.872000217437741,1.09186446666718,0.6175846457481379,0.0694366469979286,0.233335807919502,0.14609611034393302,84,5.295,0.9790000000000001,0.687,0.055,0.077,0.135,88,5.211,1.002,0.785,0.073,0.086,0.114,147,4.97,,5.667600043487548,1.012962893333436,0.6650569291496277,0.06921932939958572,21.83745511541707,0.14609922206878662
Zimbabwe,115,4.61,0.271,0.33475,0.18987,0.25861,0.08079,131,4.1930000000000005,0.35041,0.1595,0.18503,0.25429,0.08582000000000001,138,3.875,0.37584653496742204,0.19676375389099102,0.189143493771553,0.336384207010269,0.0953753814101219,144,3.6919999999999997,0.35700000000000004,0.248,0.132,0.406,0.099,146,3.6630000000000003,0.366,0.433,0.151,0.361,0.08900000000000001,146,5.12,,4.006600000000001,0.3440513069934844,0.2744027507781982,0.1694086987543106,21.81946917243004,0.08999707628202439
Egypt,135,4.194,0.8818,0.61712,0.11291,0.17288,0.06324,120,4.362,0.95395,0.5211600000000001,0.12705999999999998,0.18847,0.10393,104,4.7350001335144,0.989701807498932,0.520187258720398,0.128631442785263,0.28211015462875394,0.114381365478039,122,4.419,0.885,0.5529999999999999,0.092,0.312,0.107,137,4.166,0.9129999999999999,0.644,0.076,0.24100000000000002,0.067,144,5.38,,4.37520002670288,0.9246903614997863,0.5710934517440795,0.10732028855705258,21.51092287923268,0.09111027309560779
Syria,156,3.0060000000000002,0.6632,0.7219300000000001,0.47179,0.15684,0.18905999999999998,156,3.069,0.7471899999999999,0.6299399999999999,0.48396999999999996,0.06912,0.17232999999999998,152,3.46199989318848,0.777153134346008,0.5005333423614501,0.49366372823715204,0.0815394446253777,0.15134713053703303,150,3.4619999999999997,0.6890000000000001,0.539,0.376,0.08800000000000001,0.14400000000000002,149,3.4619999999999997,0.619,0.44,0.331,0.013000000000000001,0.141,143,5.45,,3.292199978637696,0.6991086268692015,0.5662806684722901,0.4312847456474304,21.26549992066077,0.1595474261074066
Yemen,136,4.077,0.5464899999999999,0.40064,0.09131,0.35570999999999997,0.07854,147,3.7239999999999998,0.57939,0.31048000000000003,0.09821,0.2287,0.05892000000000001,146,3.59299993515015,0.5916834473609921,0.310080915689468,0.104125209152699,0.24946372210979503,0.0567674227058887,152,3.355,0.442,0.34299999999999997,0.083,0.244,0.064,151,3.38,0.287,0.46299999999999997,0.10800000000000001,0.14300000000000002,0.077,141,5.51,,3.6257999870300304,0.4893126894721984,0.36544018313789356,0.09692904183053981,21.104410531729968,0.06704548454117774
Guinea,150,3.656,0.17417,0.24009,0.28657,0.37725,0.12139000000000001,151,3.6069999999999998,0.22415,0.18829,0.29914,0.30953,0.1192,149,3.50699996948242,0.24454993009567302,0.194129139184952,0.264815092086792,0.348587512969971,0.110937617719173,140,3.964,0.344,0.21100000000000002,0.185,0.39399999999999996,0.094,118,4.534,0.38,0.375,0.207,0.332,0.086,140,5.57,,3.853599993896484,0.2733739860191346,0.2417018278369904,0.24850501841735842,21.047338216138566,0.1063055235438346
Iraq,112,4.677,0.98549,0.60237,0.17922000000000002,0.0,0.13788,112,4.575,1.07474,0.51076,0.19589,0.24856,0.13635999999999998,117,4.49700021743774,1.1027104854583702,0.501180469989777,0.19963726401329,0.288555532693863,0.10721575468778599,117,4.456,1.01,0.536,0.14800000000000002,0.304,0.095,126,4.437,1.043,0.574,0.14800000000000002,0.24100000000000002,0.08900000000000001,139,5.61,,4.528400043487548,1.043188097091674,0.5448620939979554,0.174149452802658,20.813159361813412,0.1130911509375572
Ethiopia,122,4.512,0.19072999999999998,0.44055,0.24325,0.4345,0.15048,115,4.508,0.29283000000000003,0.34578000000000003,0.29522,0.36703,0.1717,119,4.46000003814697,0.339233845472336,0.35340970754623396,0.31265074014663696,0.408842742443085,0.16545571386814098,127,4.35,0.308,0.391,0.22,0.452,0.146,134,4.2860000000000005,0.336,0.532,0.209,0.344,0.1,138,5.61,,4.4232000076293945,0.29335876909446723,0.41254794150924673,0.2560241480293274,20.802338963206157,0.1467271427736282
Chad,149,3.667,0.34193,0.1501,0.18386,0.23501,0.05269,144,3.763,0.42213999999999996,0.038239999999999996,0.18667,0.12807000000000002,0.04952,137,3.9360001087188703,0.43801298737525896,0.0411347150802612,0.21611385047435802,0.16234202682972002,0.0535818822681904,131,4.301,0.358,0.053,0.18100000000000002,0.18899999999999997,0.06,132,4.35,0.35,0.192,0.198,0.174,0.078,137,5.71,,4.003400021743774,0.3820165974750518,0.09489494301605225,0.19312877009487162,20.514060289547103,0.058758376453638086
Argentina,30,6.574,1.05351,0.78723,0.11450999999999999,0.44974,0.08484,26,6.65,1.15137,0.69711,0.10989000000000002,0.42283999999999994,0.07296,24,6.59899997711182,1.18529546260834,0.695137083530426,0.109457060694695,0.49451920390129106,0.05973988771438599,29,6.388,1.073,0.7440000000000001,0.062,0.57,0.054000000000000006,47,6.086,1.092,0.8809999999999999,0.066,0.47100000000000003,0.05,136,5.78,,6.4593999954223635,1.1110350925216683,0.7608954167060852,0.092371412138939,20.59829988627161,0.06430797754287719
Malawi,131,4.292,0.016040000000000002,0.22562,0.33128,0.43054,0.06977,132,4.156000000000001,0.08709,0.29364,0.30968,0.4143,0.07564,136,3.97000002861023,0.233442038297653,0.315089583396912,0.28717046976089505,0.466914653778076,0.0727116540074348,147,3.5869999999999997,0.18600000000000003,0.306,0.21,0.531,0.08,150,3.41,0.191,0.495,0.218,0.44299999999999995,0.08900000000000001,135,5.79,,3.883000005722046,0.14271440765953064,0.32706991667938246,0.271226093952179,20.439393521968295,0.07742433080148696
Myanmar,129,4.3069999999999995,0.27108000000000004,0.48246000000000006,0.79588,0.44017,0.19034,119,4.395,0.34112,0.3988,0.81971,0.42691999999999997,0.20243,114,4.54500007629395,0.36711055040359497,0.397522568702698,0.8380751609802249,0.514492034912109,0.188816204667091,130,4.308,0.682,0.429,0.598,0.58,0.17800000000000002,131,4.36,0.71,0.555,0.5660000000000001,0.525,0.172,134,5.81,,4.383000015258789,0.474262110080719,0.45255651374053957,0.723533032196045,20.328083147844588,0.18631724093341823
Burkina Faso,152,3.5869999999999997,0.25811999999999996,0.27125,0.21746999999999997,0.39493,0.12832000000000002,145,3.739,0.31995,0.21297,0.24353000000000002,0.3337,0.12533,134,4.03200006484985,0.35022771358490007,0.21584425866603896,0.250864684581757,0.32436785101890603,0.12032810598611803,121,4.4239999999999995,0.314,0.254,0.175,0.312,0.128,115,4.587,0.331,0.38,0.177,0.255,0.113,133,5.85,,4.07380001296997,0.31465954271698,0.2668128517332078,0.2127729369163514,20.067142550145554,0.12299562119722363
Cameroon,133,4.252,0.4225,0.23401999999999998,0.20618000000000003,0.49309,0.05786,114,4.513,0.5249699999999999,0.12697999999999998,0.2268,0.42736,0.06126,107,4.69500017166138,0.564305365085602,0.132892116904259,0.23629845678806302,0.430388748645782,0.0513066314160824,99,4.975,0.535,0.182,0.183,0.45399999999999996,0.043,96,5.044,0.5489999999999999,0.331,0.187,0.381,0.037000000000000005,132,5.85,,4.695800034332276,0.5191550730171204,0.20137842338085182,0.20785569135761262,20.00511982123511,0.05008532628321649
Gabon,143,3.8960000000000004,1.06024,0.43372,0.06822,0.31914000000000003,0.11091,134,4.121,1.15851,0.3494,0.062439999999999996,0.28098,0.09314,118,4.46500015258789,1.1982102394104,0.35657858848571794,0.0437853783369064,0.31232857704162603,0.0760467872023582,103,4.758,1.036,0.40399999999999997,0.032,0.35600000000000004,0.052000000000000005,104,4.7989999999999995,1.057,0.5710000000000001,0.043,0.295,0.055,131,5.86,,4.407800030517578,1.1019920478820802,0.4229397176971436,0.04988907566738128,19.774778368148805,0.07741935744047164
Sierra Leone,123,4.507,0.33024000000000003,0.0,0.21488000000000002,0.4084,0.08786000000000001,111,4.635,0.36485,0.0,0.23897,0.30685,0.08196,106,4.70900011062622,0.36842092871666,0.005564753897488121,0.293040901422501,0.318697690963745,0.0710951760411263,113,4.571000000000001,0.256,0.0,0.23800000000000002,0.355,0.053,129,4.374,0.268,0.242,0.252,0.309,0.045,130,5.87,,4.5592000221252444,0.317502185743332,0.04951295077949762,0.24737818028450018,19.652563955851967,0.06778303520822526
Mali,138,3.995,0.26074,0.20583,0.18798,0.38856999999999997,0.12352,135,4.073,0.31292,0.16347,0.21064000000000002,0.27544,0.13647,127,4.19000005722046,0.476180493831635,0.16936567425727803,0.183354198932648,0.306613743305206,0.10497024655342098,118,4.447,0.37,0.152,0.139,0.36700000000000005,0.055999999999999994,128,4.39,0.385,0.308,0.153,0.327,0.052000000000000005,129,5.93,,4.219000011444092,0.36096809876632696,0.19973313485145563,0.1747948397865296,19.51351767761503,0.09459204931068418
Burundi,157,2.905,0.0153,0.22396,0.19727,0.1185,0.10062,157,2.905,0.06831,0.15747,0.2029,0.0432,0.09419,154,2.90499997138977,0.09162256866693501,0.151610791683197,0.20443518459796897,0.0599007532000542,0.0841479450464249,156,2.905,0.091,0.145,0.149,0.065,0.076,145,3.775,0.046,0.38,0.17600000000000002,0.22,0.18,128,5.94,,3.078999994277954,0.062446513733387,0.21160815833663937,0.1859210369195938,19.206657250457148,0.10699158900928499
Tajikistan,106,4.7860000000000005,0.39047,0.5737899999999999,0.22974,0.47216,0.15072,100,4.996,0.48835,0.5311899999999999,0.25998000000000004,0.43408,0.13509000000000002,96,5.04099988937378,0.524713635444641,0.5292351245880129,0.24899764358997303,0.47156670689582797,0.14637714624404902,88,5.199,0.474,0.598,0.187,0.292,0.034,74,5.4670000000000005,0.493,0.718,0.23,0.389,0.14400000000000002,126,6.05,,5.097799977874756,0.4741067270889282,0.5900430249176025,0.2311435287179946,19.158400958127977,0.12203742924880981
Ukraine,111,4.681,0.79907,0.6739,0.15275,0.25123,0.02961,123,4.324,0.87287,0.58628,0.20363,0.12859,0.01829,132,4.09600019454956,0.89465194940567,0.575903952121735,0.270061463117599,0.12297477573156401,0.0230294708162546,138,4.103,0.7929999999999999,0.609,0.187,0.163,0.011000000000000001,133,4.332,0.82,0.7390000000000001,0.187,0.17800000000000002,0.01,125,6.06,,4.307200038909912,0.835918389881134,0.6368167904243471,0.20008829262351982,18.843399253675937,0.01838589416325092
Pakistan,81,5.194,0.59543,0.51466,0.33671,0.12102,0.10464000000000001,92,5.132000000000001,0.68816,0.40306,0.31185,0.14622000000000002,0.1388,80,5.26900005340576,0.7268835306167599,0.40204778313636796,0.31544601917266807,0.23521526157856,0.12434806674718901,75,5.472,0.652,0.424,0.21600000000000003,0.33399999999999996,0.113,67,5.653,0.677,0.535,0.22,0.313,0.098,123,6.07,,5.344000010681151,0.667894706123352,0.45575355662727357,0.2800012038345336,18.60277932308265,0.1157576133494378
Tunisia,107,4.739,0.88113,0.73793,0.06431,0.26268,0.06358,98,5.045,0.97724,0.59577,0.03936,0.23553000000000002,0.0817,102,4.80499982833862,1.00726580619812,0.613212049007416,0.0496933571994305,0.289680689573288,0.0867231488227844,111,4.592,0.9,0.69,0.04,0.271,0.063,124,4.461,0.9209999999999999,0.815,0.059000000000000004,0.16699999999999998,0.055,124,6.07,,4.728399965667724,0.9373271612396239,0.6903824098014831,0.05047267143988611,18.756555812796186,0.07000062976455687
Benin,155,3.34,0.28665,0.3191,0.1826,0.4845,0.0801,153,3.484,0.39499,0.21028000000000002,0.2018,0.39747,0.06681000000000001,143,3.65700006484985,0.43108540773391707,0.20993021130561804,0.207948461174965,0.42596277594566295,0.0609290152788162,136,4.141,0.37799999999999995,0.24,0.163,0.44,0.067,102,4.883,0.39299999999999996,0.397,0.175,0.349,0.08199999999999999,122,6.2,,3.90100001296997,0.3767450815467834,0.2752620422611236,0.186069692234993,18.61384753942081,0.07136780305576325
Madagascar,147,3.681,0.20824,0.46721,0.21333000000000002,0.19184,0.08123999999999999,148,3.695,0.27954,0.37109000000000003,0.2204,0.13684000000000002,0.07506,144,3.64400005340576,0.305808693170547,0.375223308801651,0.208732530474663,0.18919676542282102,0.0672319754958153,143,3.7739999999999996,0.262,0.402,0.155,0.221,0.049,143,3.9330000000000003,0.27399999999999997,0.555,0.16899999999999998,0.14800000000000002,0.040999999999999995,121,6.2,,3.745400010681152,0.2659177386341094,0.43410466176033025,0.1932925060949326,18.29812525220326,0.06270639509916306
Vietnam,75,5.36,0.63216,0.7467600000000001,0.1686,0.59444,0.10440999999999999,96,5.061,0.74037,0.66157,0.25075,0.5595399999999999,0.11556,94,5.07399988174438,0.7885475754737851,0.6521689891815191,0.23496805131435397,0.571055591106415,0.0876332372426987,95,5.103,0.715,0.7020000000000001,0.177,0.618,0.079,94,5.175,0.741,0.851,0.147,0.5429999999999999,0.073,120,6.2,,5.154599976348876,0.723415515094757,0.7226997978363039,0.19566361026287077,18.44086222730092,0.09192064744853974
China,84,5.14,0.89012,0.81658,0.08185,0.5169699999999999,0.02781,83,5.245,1.0278,0.73561,0.049589999999999995,0.44011999999999996,0.02745,79,5.2729997634887695,1.08116579055786,0.741415500640869,0.0288068410009146,0.47278770804405196,0.0227942746132612,86,5.246,0.9890000000000001,0.799,0.028999999999999998,0.597,0.10300000000000001,93,5.191,1.0290000000000001,0.893,0.057999999999999996,0.521,0.1,119,6.21,,5.218999952697754,1.003417158111572,0.7971211001281737,0.04944936820018292,18.251125386863436,0.056210854922652244
Mauritania,124,4.436,0.45407,0.35874,0.21899999999999997,0.24231999999999998,0.17461,130,4.2010000000000005,0.6139100000000001,0.28639000000000003,0.22685999999999998,0.1268,0.17955,123,4.29199981689453,0.6484572887420649,0.285349279642105,0.201870024204254,0.0960980430245399,0.136957004666328,126,4.356,0.557,0.292,0.134,0.129,0.09300000000000001,122,4.49,0.57,0.489,0.106,0.066,0.08800000000000001,117,6.22,,4.354999963378907,0.5686874577484129,0.34229585592842093,0.17754600484085079,17.697174006146362,0.1344234009332656
Togo,158,2.839,0.20868,0.28443,0.16680999999999999,0.36453,0.10730999999999999,155,3.303,0.28123000000000004,0.24811,0.17517,0.34678000000000003,0.11587,150,3.4949998855590803,0.30544471740722695,0.247105568647385,0.19689615070819896,0.38042613863945,0.0956650152802467,139,3.9989999999999997,0.259,0.253,0.158,0.434,0.10099999999999999,139,4.085,0.275,0.41,0.177,0.293,0.085,116,6.25,,3.5441999771118162,0.26587094348144535,0.288529113729477,0.1747752301416398,17.724105162662777,0.10096900305604932
Senegal,142,3.904,0.36498,0.4354,0.20843000000000003,0.36772,0.10712999999999999,128,4.218999999999999,0.44314,0.40457,0.19103,0.31056,0.11681,115,4.53499984741211,0.479309022426605,0.409362852573395,0.183468893170357,0.37792226672172496,0.11546044796705199,109,4.631,0.429,0.433,0.138,0.406,0.08199999999999999,111,4.681,0.45,0.5710000000000001,0.153,0.292,0.07200000000000001,114,6.27,,4.393999969482422,0.433285804485321,0.45066657051467895,0.1747857786340714,17.43202889524596,0.09868008959341038
Liberia,116,4.571000000000001,0.0712,0.34201,0.24361999999999998,0.28531,0.06232000000000001,150,3.622,0.10705999999999999,0.23165,0.24063,0.25748000000000004,0.04852,148,3.5329999923706095,0.11904179304838199,0.229918196797371,0.26654988527298,0.33288118243217496,0.0389482490718365,149,3.495,0.076,0.267,0.20600000000000002,0.419,0.03,141,3.975,0.073,0.44299999999999995,0.233,0.37,0.033,113,6.28,,3.8391999984741227,0.08926035860967639,0.3027156393594742,0.237959977054596,17.277810168918883,0.042557649814367306
Bolivia,51,5.89,0.68133,0.5392,0.20536,0.57414,0.08800000000000001,59,5.822,0.79422,0.4697,0.21698,0.50961,0.07746,58,5.82299995422363,0.833756566047668,0.47363024950027505,0.22556072473526,0.5587329268455511,0.0604777261614799,62,5.752000000000001,0.7509999999999999,0.508,0.141,0.606,0.054000000000000006,61,5.779,0.7759999999999999,0.706,0.13699999999999998,0.511,0.064,111,6.3,,5.813199990844726,0.7672613132095336,0.539306049900055,0.18518014494705198,17.15135470383508,0.06878754523229598
Saudi Arabia,35,6.4110000000000005,1.39541,0.72025,0.13706,0.31048000000000003,0.32524000000000003,34,6.379,1.48953,0.59267,0.15457,0.37904,0.30008,37,6.343999862670901,1.53062355518341,0.590148329734802,0.147616013884544,0.449750572443008,0.27343225479126004,33,6.371,1.379,0.633,0.098,0.509,0.127,28,6.375,1.403,0.795,0.08,0.439,0.132,110,6.31,,6.37599997253418,1.439512711036682,0.6662136659469604,0.12344920277690878,16.913895796063287,0.231550450958252
Belarus,59,5.813,1.0319200000000002,0.7360800000000001,0.11045999999999999,0.37938,0.1909,61,5.8020000000000005,1.1306200000000002,0.6310399999999999,0.13942000000000002,0.29091,0.17457,67,5.5689997673034695,1.15655755996704,0.6377142667770389,0.15513750910759,0.295400261878967,0.156313821673393,73,5.483,1.0390000000000001,0.7,0.10099999999999999,0.307,0.154,81,5.3229999999999995,1.067,0.789,0.094,0.235,0.142,109,6.35,,5.597999953460694,1.085019511993408,0.6987668533554078,0.120003501821518,16.693955751696993,0.1635567643346786
Azerbaijan,80,5.212000000000001,1.02389,0.64045,0.07799,0.3703,0.16065,81,5.291,1.12373,0.54504,0.0564,0.35327,0.17914000000000002,85,5.234000205993651,1.1536017656326298,0.5407757759094239,0.0452693402767181,0.39815583825111406,0.180987507104874,87,5.2010000000000005,1.024,0.603,0.031,0.43,0.17600000000000002,90,5.207999999999999,1.043,0.769,0.035,0.35100000000000003,0.182,107,6.37,,5.22920004119873,1.073644353126526,0.6196531551818849,0.04913186805534362,16.467532262607303,0.1757555014209748
Ecuador,48,5.975,0.8640200000000001,0.79075,0.11540999999999998,0.48573999999999995,0.1809,51,5.976,0.97306,0.68613,0.10074,0.4027,0.18037,44,6.00799989700317,1.00082039833069,0.685636222362518,0.15011246502399403,0.4551981985569,0.140134647488594,48,5.973,0.889,0.736,0.114,0.556,0.12,50,6.028,0.912,0.868,0.126,0.498,0.087,105,6.46,,5.991999979400633,0.9277800796661382,0.7533032444725035,0.12125249300479882,16.26537688550813,0.1416809294977188
Nepal,121,4.513999999999999,0.35996999999999996,0.5687399999999999,0.32295999999999997,0.38282,0.059070000000000004,107,4.793,0.44626000000000005,0.50073,0.3816,0.37012,0.07007999999999999,99,4.961999893188481,0.479820191860199,0.504130780696869,0.39409616589546204,0.44030594825744607,0.0729755461215973,101,4.88,0.425,0.539,0.302,0.526,0.078,100,4.913,0.446,0.677,0.285,0.439,0.08900000000000001,104,6.48,,4.812399978637695,0.43141003837203984,0.5579201561393738,0.3371312331790924,16.091177992608205,0.07382510922431947
India,117,4.565,0.64499,0.5152899999999999,0.26475,0.39786,0.08492000000000001,118,4.404,0.74036,0.45091000000000003,0.25028,0.40285,0.08722,122,4.31500005722046,0.7922212481498722,0.455427616834641,0.23153848946094502,0.469987004995346,0.0922268852591515,133,4.19,0.721,0.485,0.172,0.539,0.09300000000000001,140,4.015,0.755,0.588,0.2,0.498,0.085,100,6.56,,4.297800011444092,0.7307142496299744,0.4989255233669282,0.22371369789218898,15.552528143570765,0.08847337705183031
Brazil,16,6.983,0.98124,0.69702,0.14574,0.49049,0.17521,17,6.952000000000001,1.08754,0.61415,0.15775999999999998,0.40425,0.14165999999999998,22,6.6350002288818395,1.1073532104492199,0.6165523529052729,0.16234989464282998,0.437453746795654,0.11109276115894301,28,6.419,0.986,0.675,0.11,0.493,0.08800000000000001,32,6.3,1.004,0.802,0.099,0.39,0.086,101,6.56,,6.6578000457763675,1.033226642089844,0.6809444705810546,0.134969978928566,15.682170535256521,0.1203925522317886
Haiti,119,4.518,0.26673,0.38847,0.46187,0.24425,0.17175,136,4.0280000000000005,0.34097,0.27494,0.47958,0.12072000000000001,0.14476,145,3.6029999256133998,0.368610262870789,0.277321130037308,0.48920378088951094,0.0303698573261499,0.0998721495270729,148,3.582,0.315,0.289,0.392,0.025,0.10400000000000001,147,3.597,0.32299999999999995,0.449,0.419,0.026000000000000002,0.11,99,6.58,,3.8655999851226803,0.3228620525741578,0.3357462260074616,0.44833075617790225,15.146619979618022,0.1260764299054146
Kuwait,39,6.295,1.5542200000000002,0.72492,0.16228,0.55499,0.25609,41,6.239,1.61714,0.63569,0.15965,0.43166000000000004,0.23669,39,6.10500001907349,1.63295245170593,0.6321057081222529,0.228289797902107,0.49633759260177596,0.21515955030918102,45,6.082999999999999,1.474,0.675,0.16699999999999998,0.5539999999999999,0.106,51,6.021,1.5,0.8079999999999999,0.142,0.493,0.09699999999999999,97,6.6,,6.148600003814698,1.555662490341186,0.6951431416244505,0.17184395958042137,15.16142679894311,0.18218791006183618
Turkey,76,5.332000000000001,1.06098,0.73172,0.12253,0.22815,0.15746,78,5.388999999999999,1.1649200000000002,0.64718,0.04707,0.23889000000000002,0.12347999999999999,69,5.5,1.1982743740081798,0.6376056075096129,0.0466930419206619,0.300740599632263,0.0996715798974037,74,5.483,1.148,0.6859999999999999,0.106,0.324,0.109,79,5.372999999999999,1.183,0.8079999999999999,0.083,0.195,0.106,95,6.62,,5.4154,1.151034874801636,0.7021011215019225,0.08105860838413238,14.700968657090325,0.11912231597948073
Bhutan,79,5.252999999999999,0.77042,0.57407,0.47998,0.5320600000000001,0.15445,84,5.196000000000001,0.8527,0.49759,0.48546000000000006,0.46074,0.1616,97,5.01100015640259,0.885416388511658,0.495879292488098,0.474054545164108,0.5015376806259161,0.17338038980960802,97,5.082,0.7959999999999999,0.527,0.364,0.541,0.171,95,5.082,0.813,0.604,0.37,0.457,0.16699999999999998,94,6.63,,5.124800031280518,0.8235072777023316,0.5397078584976196,0.43469890903282166,14.731762525803703,0.1654860779619216
Ghana,114,4.633,0.5455800000000001,0.40131999999999995,0.23087,0.42341999999999996,0.04355,124,4.276,0.63107,0.29681,0.21203000000000002,0.40973000000000004,0.0326,131,4.11999988555908,0.667224824428558,0.29563772678375205,0.25692394375801103,0.423026293516159,0.0253363698720932,108,4.657,0.5920000000000001,0.337,0.212,0.499,0.028999999999999998,98,4.996,0.611,0.486,0.245,0.381,0.04,92,6.65,,4.536399977111816,0.6093749648857116,0.36335354535675035,0.2313647887516022,14.398025184788024,0.03409727397441864
Morocco,92,5.013,0.7347899999999999,0.60954,0.07172,0.41691000000000006,0.08546000000000001,90,5.151,0.8405799999999999,0.5947100000000001,0.040530000000000004,0.25645999999999997,0.08404,84,5.2350001335144,0.8781145811080929,0.59771066904068,0.0322099551558495,0.408158332109451,0.0877631828188896,85,5.254,0.779,0.669,0.026000000000000002,0.46,0.07400000000000001,89,5.207999999999999,0.8009999999999999,0.782,0.036000000000000004,0.418,0.076,90,6.7,,5.172200026702879,0.8066969162216185,0.650592133808136,0.04129199103116991,14.094218333158494,0.08145263656377792
Colombia,33,6.477,0.91861,0.69077,0.18400999999999998,0.53466,0.0512,31,6.481,1.0303200000000001,0.59659,0.15625999999999998,0.44735,0.053989999999999996,36,6.35699987411499,1.07062232494354,0.595027923583984,0.14901447296142598,0.47748741507530196,0.0466687418520451,37,6.26,0.96,0.635,0.099,0.531,0.039,43,6.125,0.985,0.841,0.099,0.47,0.034,88,6.71,,6.339999974822997,0.9929104649887082,0.6716775847167968,0.1374568945922852,13.881499630725044,0.04497174837040903
Greece,102,4.857,1.15406,0.88213,0.0,0.07699,0.013969999999999998,99,5.033,1.24886,0.80029,0.0,0.05822000000000001,0.04127,87,5.2270002365112305,1.28948748111725,0.8101989030838009,0.0,0.0957312509417534,0.043289776891470004,79,5.358,1.1540000000000001,0.879,0.0,0.131,0.044000000000000004,82,5.287000000000001,1.181,0.9990000000000001,0.0,0.067,0.034,89,6.71,,5.152400047302247,1.2054814962234501,0.8741237806167602,0.0,13.734134464420249,0.035305955378294
South Africa,113,4.6419999999999995,0.9204899999999999,0.27688,0.11972999999999999,0.33207,0.08884,116,4.459,1.02416,0.18611,0.13656,0.42483000000000004,0.08415,101,4.8289999961853,1.05469870567322,0.18708007037639604,0.13936237990856198,0.479246735572815,0.0725094974040985,105,4.724,0.94,0.33,0.10300000000000001,0.516,0.055999999999999994,106,4.7219999999999995,0.96,0.469,0.13,0.389,0.055,87,6.73,,4.67519999923706,0.9798697411346439,0.28981401407527924,0.1257304759817124,13.695878105081832,0.07129989948081969
Tanzania,146,3.781,0.2852,0.38215,0.34376999999999996,0.32878,0.05747000000000001,149,3.6660000000000004,0.47155,0.35700000000000004,0.31472,0.3176,0.05099,153,3.34899997711182,0.511135876178741,0.364509284496307,0.354256361722946,0.390017777681351,0.0660351067781448,153,3.303,0.455,0.381,0.27,0.48100000000000004,0.09699999999999999,153,3.2310000000000003,0.47600000000000003,0.499,0.276,0.41700000000000004,0.147,86,6.73,,3.465999995422364,0.4397771752357483,0.3967318568992614,0.3117492723445892,13.523485396811623,0.08369902135562894
Russia,64,5.716,1.13764,0.6692600000000001,0.00199,0.36679,0.03005,56,5.856,1.2322799999999998,0.58991,0.027360000000000002,0.32682,0.03586,49,5.962999820709231,1.28177809715271,0.547349333763123,0.0522638224065304,0.373783111572266,0.0329628810286522,59,5.81,1.151,0.599,0.065,0.39899999999999997,0.025,68,5.648,1.183,0.726,0.08199999999999999,0.33399999999999996,0.031,85,6.74,,5.798599964141846,1.197139619430542,0.6263038667526246,0.04572276448130608,13.36291330165318,0.030974576205730436
Thailand,34,6.455,0.9669,0.7385,0.5763,0.5566399999999999,0.031869999999999996,33,6.474,1.0893,0.64915,0.58696,0.49553,0.02833,32,6.4239997863769505,1.12786877155304,0.647239029407501,0.572123110294342,0.580200731754303,0.0316127352416515,46,6.072,1.016,0.7070000000000001,0.364,0.637,0.028999999999999998,52,6.007999999999999,1.05,0.828,0.359,0.557,0.027999999999999997,84,6.75,,6.28659995727539,1.050013754310608,0.7139778058815002,0.4916766220588684,13.368052961679187,0.029762547048330302
Kenya,125,4.419,0.36471,0.41435,0.37542,0.42215,0.05839,122,4.356,0.52267,0.30146999999999996,0.41328000000000004,0.40576,0.06686,112,4.55299997329712,0.560479462146759,0.30998834967613204,0.444860309362411,0.45276376605033897,0.0646413192152977,124,4.41,0.493,0.45399999999999996,0.35200000000000004,0.504,0.055,121,4.5089999999999995,0.512,0.581,0.37200000000000005,0.431,0.053,82,6.84,,4.449399994659424,0.49057189242935173,0.41216166993522635,0.3915120618724822,13.00795339515005,0.059578263843059545
Sri Lanka,132,4.271,0.83524,0.70806,0.40828000000000003,0.5372600000000001,0.09179,117,4.415,0.9731799999999999,0.62007,0.46978000000000003,0.50817,0.07964,120,4.44000005722046,1.00985014438629,0.625130832195282,0.49086356163024897,0.561213254928589,0.0736539661884308,116,4.471,0.9179999999999999,0.672,0.307,0.585,0.05,130,4.3660000000000005,0.9490000000000001,0.831,0.244,0.47,0.047,79,6.88,,4.392600011444092,0.937054028877258,0.6912521664390564,0.3839847123260498,12.648806179275512,0.06841679323768615
Lebanon,103,4.8389999999999995,1.0256399999999999,0.83947,0.21854,0.33916,0.04582,93,5.129,1.12268,0.76171,0.23693000000000003,0.26228,0.030610000000000002,88,5.22499990463257,1.07498753070831,0.7350810766220089,0.26445075869560203,0.28851598501205394,0.037513829767704,80,5.358,0.965,0.785,0.214,0.503,0.136,91,5.197,0.987,0.815,0.166,0.21600000000000003,0.027000000000000003,80,6.88,,5.149599980926514,1.0350615061416621,0.7872522153244018,0.2199841517391204,12.641279426430293,0.05538876595354081
Qatar,28,6.611000000000001,1.69042,0.79733,0.32573,0.6404,0.52208,36,6.375,1.82427,0.71723,0.32388,0.56679,0.48049,35,6.375,1.8707656860351598,0.7100980877876278,0.33047387003898604,0.604130983352661,0.43929925560951205,32,6.374,1.649,0.748,0.256,0.654,0.171,29,6.374,1.6840000000000002,0.871,0.22,0.555,0.16699999999999998,81,6.88,,6.4218,1.743691137207032,0.7687316175575256,0.2912167740077972,12.98576014047895,0.35597385112190244
Nigeria,78,5.268,0.65435,0.16007000000000002,0.27233,0.34334000000000003,0.0403,103,4.875,0.75216,0.05108,0.23219,0.27854,0.0305,95,5.07399988174438,0.783756256103516,0.0569157302379608,0.23094719648361198,0.394952565431595,0.0261215660721064,91,5.155,0.6890000000000001,0.048,0.201,0.462,0.032,85,5.265,0.696,0.245,0.215,0.426,0.040999999999999995,78,6.93,,5.127399976348877,0.7150532512207033,0.11221314604759217,0.2302934392967224,12.40497608077594,0.03398431321442128
Montenegro,82,5.192,0.9743799999999999,0.72521,0.1614,0.1826,0.14296,88,5.1610000000000005,1.07838,0.6353300000000001,0.17190999999999998,0.15111,0.12721,83,5.23699998855591,1.12112903594971,0.6674646735191351,0.197911024093628,0.194989055395126,0.0881741940975189,81,5.347,1.0170000000000001,0.7290000000000001,0.111,0.259,0.081,73,5.523,1.051,0.871,0.142,0.19699999999999998,0.08,77,6.94,,5.291999997711182,1.0483778071899421,0.725600934703827,0.1568442048187256,12.132099865056446,0.10386883881950379
Kyrgyzstan,77,5.2860000000000005,0.47428000000000003,0.65088,0.3003,0.43477,0.042319999999999997,85,5.185,0.5604399999999999,0.5544899999999999,0.38432,0.40212,0.047619999999999996,98,5.0040001869201705,0.5962200760841371,0.553457796573639,0.42858037352562,0.454943388700485,0.0394391790032387,92,5.131,0.53,0.594,0.281,0.54,0.035,86,5.261,0.551,0.723,0.3,0.508,0.023,75,6.99,,5.173400037384034,0.5423880152168274,0.6151655593147277,0.338840074705124,12.04711905552864,0.03747583580064774
Moldova,52,5.888999999999999,0.59448,0.61826,0.20951,0.32818,0.01615,55,5.897,0.69177,0.5230899999999999,0.19997,0.25201999999999997,0.019030000000000002,56,5.837999820709231,0.7288706302642819,0.5894652009010309,0.20877912640571603,0.24072904884815197,0.0100912861526012,67,5.64,0.657,0.62,0.171,0.23199999999999998,0.0,71,5.529,0.685,0.7390000000000001,0.18100000000000002,0.245,0.0,76,6.99,,5.758599964141846,0.6714241260528564,0.6179630401802063,0.19405182528114323,12.04113272126402,0.009054257230520241
Poland,60,5.791,1.12555,0.77903,0.16759000000000002,0.53122,0.04212,57,5.835,1.24585,0.69058,0.14443,0.4519,0.055,46,5.97300004959106,1.29178786277771,0.699475347995758,0.158465966582298,0.520342111587524,0.0593078061938286,42,6.122999999999999,1.176,0.7809999999999999,0.10800000000000001,0.546,0.064,40,6.182,1.206,0.884,0.11699999999999999,0.483,0.05,74,7.04,,5.980800009918212,1.2090375725555418,0.7668170695991516,0.1390971933164596,11.938923158798218,0.05408556123876572
United Arab Emirates,20,6.901,1.42727,0.80925,0.26428,0.64157,0.38583,28,6.5729999999999995,1.57352,0.72993,0.26591,0.56215,0.35561,21,6.6479997634887695,1.6263433694839498,0.726798236370087,0.3609419465065,0.60834527015686,0.324489563703537,20,6.774,2.096,0.67,0.18600000000000003,0.284,0.08199999999999999,21,6.825,1.5030000000000001,0.825,0.262,0.598,0.182,71,7.05,,6.744199952697754,1.64522667389679,0.7521956472740173,0.2678263893013,11.534866467165264,0.2659859127407074
Nicaragua,57,5.827999999999999,0.59325,0.7431399999999999,0.27815,0.55475,0.19317,48,5.992000000000001,0.69384,0.65213,0.29773,0.46581999999999996,0.16292,43,6.07100009918213,0.737299203872681,0.6530959606170649,0.301674216985703,0.447551846504211,0.130687981843948,41,6.141,0.6679999999999999,0.7,0.20800000000000002,0.527,0.128,45,6.105,0.6940000000000001,0.835,0.2,0.435,0.127,73,7.05,,6.027400019836426,0.6772778407745361,0.716673192123413,0.2571108433971406,11.782874549500601,0.14835559636878962
Serbia,87,5.122999999999999,0.92053,0.74836,0.19230999999999998,0.20107,0.02617,86,5.1770000000000005,1.03437,0.6458,0.20736999999999997,0.15718,0.04339,73,5.39499998092651,1.06931757926941,0.65078467130661,0.22012588381767298,0.20871552824974102,0.0409037806093693,78,5.398,0.975,0.685,0.134,0.28800000000000003,0.043,70,5.603,1.004,0.8540000000000001,0.13699999999999998,0.282,0.039,72,7.05,,5.339199996185302,1.000643515853882,0.7167889342613221,0.17816117676353457,11.455280789749963,0.038492756121873854
